adservice&qps,adservice&count,cartservice&qps,cartservice&count,checkoutservice&qps,checkoutservice&count,currencyservice&qps,currencyservice&count,emailservice&qps,emailservice&count,frontend&qps,frontend&count,paymentservice&qps,paymentservice&count,productcatalogservice&qps,productcatalogservice&count,recommendationservice&qps,recommendationservice&count,shippingservice&qps,shippingservice&count,slo_reward
1.3666666666666667,1.0,2.333333333333334,1.0,0.0333333333333333,1.0,6.866666666666667,1.0,0.0333333333333333,1.0,2.333333333333333,1.0,0.0333333333333333,1.0,14.0,1.0,1.8666666666666667,1.0,0.6666666666666666,1.0,1.0
1.3666666666666667,1.0,2.333333333333334,4.0,0.0333333333333333,4.0,6.866666666666667,3.0,0.0333333333333333,3.0,2.333333333333333,5.0,0.0333333333333333,1.0,14.0,4.0,1.8666666666666667,2.0,0.6666666666666666,1.0,1.0
1.3666666666666667,3.0,2.333333333333334,5.0,0.0333333333333333,4.0,6.866666666666667,4.0,0.0333333333333333,4.0,2.333333333333333,4.0,0.0333333333333333,3.0,14.0,1.0,1.8666666666666667,5.0,0.6666666666666666,3.0,1.0
1.3666666666666667,3.0,2.333333333333334,2.0,0.0333333333333333,1.0,6.866666666666667,5.0,0.0333333333333333,4.0,2.333333333333333,4.0,0.0333333333333333,3.0,14.0,5.0,1.8666666666666667,3.0,0.6666666666666666,3.0,1.0
1.3666666666666667,3.0,2.333333333333334,2.0,0.0333333333333333,1.0,6.866666666666667,3.0,0.0333333333333333,5.0,2.333333333333333,1.0,0.0333333333333333,5.0,14.0,5.0,1.8666666666666667,2.0,0.6666666666666666,4.0,1.0
1.3666666666666667,1.0,2.333333333333334,4.0,0.0333333333333333,4.0,6.866666666666667,2.0,0.0333333333333333,1.0,2.333333333333333,5.0,0.0333333333333333,3.0,14.0,5.0,1.8666666666666667,4.0,0.6666666666666666,4.0,1.0
1.3666666666666667,4.0,2.333333333333334,1.0,0.0333333333333333,2.0,6.866666666666667,3.0,0.0333333333333333,3.0,2.333333333333333,1.0,0.0333333333333333,3.0,14.0,1.0,1.8666666666666667,4.0,0.6666666666666666,4.0,1.0
1.3666666666666667,5.0,2.333333333333334,4.0,0.0333333333333333,2.0,6.866666666666667,5.0,0.0333333333333333,3.0,2.333333333333333,2.0,0.0333333333333333,5.0,14.0,2.0,1.8666666666666667,1.0,0.6666666666666666,3.0,1.0
1.3666666666666667,4.0,2.333333333333334,1.0,0.0333333333333333,3.0,6.866666666666667,1.0,0.0333333333333333,4.0,2.333333333333333,3.0,0.0333333333333333,2.0,14.0,2.0,1.8666666666666667,3.0,0.6666666666666666,4.0,1.0
1.3666666666666667,5.0,2.333333333333334,3.0,0.0333333333333333,1.0,6.866666666666667,5.0,0.0333333333333333,4.0,2.333333333333333,4.0,0.0333333333333333,1.0,14.0,2.0,1.8666666666666667,4.0,0.6666666666666666,5.0,1.0
1.3666666666666667,3.0,2.333333333333334,5.0,0.0333333333333333,5.0,6.866666666666667,2.0,0.0333333333333333,5.0,2.333333333333333,2.0,0.0333333333333333,2.0,14.0,4.0,1.8666666666666667,4.0,0.6666666666666666,1.0,1.0
1.3666666666666667,1.0,2.333333333333334,1.0,0.0333333333333333,1.0,6.866666666666667,1.0,0.0333333333333333,1.0,2.333333333333333,1.0,0.0333333333333333,1.0,14.0,1.0,1.8666666666666667,1.0,0.6666666666666666,1.0,1.0
1.3666666666666667,5.0,2.333333333333334,1.0,0.0333333333333333,5.0,6.866666666666667,1.0,0.0333333333333333,4.0,2.333333333333333,4.0,0.0333333333333333,4.0,14.0,4.0,1.8666666666666667,3.0,0.6666666666666666,4.0,1.0
1.3666666666666667,2.0,2.333333333333334,4.0,0.0333333333333333,3.0,6.866666666666667,3.0,0.0333333333333333,3.0,2.333333333333333,3.0,0.0333333333333333,1.0,14.0,1.0,1.8666666666666667,2.0,0.6666666666666666,1.0,1.0
1.3666666666666667,3.0,2.333333333333334,4.0,0.0333333333333333,4.0,6.866666666666667,3.0,0.0333333333333333,5.0,2.333333333333333,3.0,0.0333333333333333,1.0,14.0,4.0,1.8666666666666667,3.0,0.6666666666666666,4.0,1.0
1.3666666666666667,3.0,2.333333333333334,3.0,0.0333333333333333,1.0,6.866666666666667,3.0,0.0333333333333333,4.0,2.333333333333333,2.0,0.0333333333333333,4.0,14.0,1.0,1.8666666666666667,2.0,0.6666666666666666,3.0,1.0
1.3666666666666667,5.0,2.333333333333334,2.0,0.0333333333333333,2.0,6.866666666666667,3.0,0.0333333333333333,5.0,2.333333333333333,5.0,0.0333333333333333,1.0,14.0,2.0,1.8666666666666667,5.0,0.6666666666666666,1.0,1.0
1.3666666666666667,5.0,2.333333333333334,2.0,0.0333333333333333,5.0,6.866666666666667,2.0,0.0333333333333333,3.0,2.333333333333333,4.0,0.0333333333333333,1.0,14.0,3.0,1.8666666666666667,3.0,0.6666666666666666,4.0,1.0
1.3666666666666667,5.0,2.333333333333334,4.0,0.0333333333333333,3.0,6.866666666666667,3.0,0.0333333333333333,3.0,2.333333333333333,5.0,0.0333333333333333,2.0,14.0,1.0,1.8666666666666667,2.0,0.6666666666666666,1.0,1.0
1.3666666666666667,1.0,2.333333333333334,1.0,0.0333333333333333,4.0,6.866666666666667,4.0,0.0333333333333333,4.0,2.333333333333333,3.0,0.0333333333333333,4.0,14.0,1.0,1.8666666666666667,5.0,0.6666666666666666,3.0,1.0
1.3666666666666667,5.0,2.333333333333334,1.0,0.0333333333333333,3.0,6.866666666666667,4.0,0.0333333333333333,3.0,2.333333333333333,3.0,0.0333333333333333,1.0,14.0,2.0,1.8666666666666667,2.0,0.6666666666666666,2.0,1.0
1.3666666666666667,4.0,2.333333333333334,4.0,0.0333333333333333,4.0,6.866666666666667,2.0,0.0333333333333333,5.0,2.333333333333333,1.0,0.0333333333333333,2.0,14.0,1.0,1.8666666666666667,2.0,0.6666666666666666,5.0,1.0
1.3666666666666667,1.0,2.333333333333334,1.0,0.0333333333333333,1.0,6.866666666666667,1.0,0.0333333333333333,1.0,2.333333333333333,1.0,0.0333333333333333,1.0,14.0,1.0,2.0,1.0,0.6666666666666666,1.0,1.0
1.3666666666666667,2.0,2.333333333333334,5.0,0.0333333333333333,3.0,6.866666666666667,4.0,0.0333333333333333,3.0,2.333333333333333,2.0,0.0333333333333333,4.0,14.0,5.0,2.0,2.0,0.6666666666666666,4.0,1.0
1.3666666666666667,2.0,2.333333333333334,4.0,0.0333333333333333,4.0,6.866666666666667,3.0,0.0333333333333333,4.0,2.333333333333333,2.0,0.0333333333333333,1.0,14.0,1.0,2.0,3.0,0.6666666666666666,5.0,1.0
1.3666666666666667,1.0,2.333333333333334,3.0,0.0333333333333333,4.0,6.866666666666667,2.0,0.0333333333333333,4.0,2.333333333333333,2.0,0.0333333333333333,5.0,14.0,3.0,2.0,3.0,0.6666666666666666,1.0,1.0
1.3666666666666667,3.0,2.333333333333334,5.0,0.0333333333333333,1.0,6.866666666666667,4.0,0.0333333333333333,3.0,2.333333333333333,4.0,0.0333333333333333,4.0,14.0,3.0,2.0,2.0,0.6666666666666666,4.0,1.0
1.3666666666666667,1.0,2.333333333333334,3.0,0.0333333333333333,1.0,6.866666666666667,4.0,0.0333333333333333,4.0,2.333333333333333,1.0,0.0333333333333333,4.0,14.0,3.0,2.0,4.0,0.6666666666666666,1.0,1.0
1.3666666666666667,1.0,2.333333333333334,3.0,0.0333333333333333,1.0,6.866666666666667,2.0,0.0333333333333333,4.0,2.333333333333333,1.0,0.0333333333333333,4.0,14.0,1.0,2.0,1.0,0.6666666666666666,3.0,1.0
1.3666666666666667,4.0,2.333333333333334,1.0,0.0333333333333333,2.0,6.866666666666667,5.0,0.0333333333333333,5.0,2.333333333333333,3.0,0.0333333333333333,3.0,14.0,2.0,2.0,4.0,0.6666666666666666,3.0,1.0
1.3666666666666667,2.0,2.333333333333334,1.0,0.0333333333333333,1.0,6.866666666666667,5.0,0.0333333333333333,3.0,2.333333333333333,3.0,0.0333333333333333,3.0,14.0,4.0,2.0,1.0,0.6666666666666666,1.0,1.0
1.3666666666666667,2.0,2.333333333333334,3.0,0.0333333333333333,4.0,6.866666666666667,3.0,0.0333333333333333,3.0,2.333333333333333,5.0,0.0333333333333333,1.0,14.0,3.0,2.0,3.0,0.6666666666666666,3.0,1.0
1.3666666666666667,5.0,2.333333333333334,2.0,0.0333333333333333,5.0,6.866666666666667,2.0,0.0333333333333333,3.0,2.333333333333333,3.0,0.0333333333333333,5.0,14.0,3.0,2.0,2.0,0.6666666666666666,1.0,1.0
1.3666666666666667,1.0,2.333333333333333,1.0,0.0333333333333333,1.0,6.866666666666667,1.0,0.0333333333333333,1.0,2.333333333333333,1.0,0.0333333333333333,1.0,21.4,1.0,2.0,1.0,0.6666666666666666,1.0,1.0
1.3666666666666667,2.0,2.333333333333333,5.0,0.0333333333333333,1.0,6.866666666666667,5.0,0.0333333333333333,3.0,2.333333333333333,1.0,0.0333333333333333,2.0,21.4,3.0,2.0,2.0,0.6666666666666666,1.0,1.0
1.3666666666666667,4.0,2.333333333333333,4.0,0.0333333333333333,1.0,6.866666666666667,2.0,0.0333333333333333,2.0,2.333333333333333,4.0,0.0333333333333333,4.0,21.4,4.0,2.0,5.0,0.6666666666666666,4.0,1.0
1.3666666666666667,2.0,2.333333333333333,1.0,0.0333333333333333,4.0,6.866666666666667,5.0,0.0333333333333333,5.0,2.333333333333333,2.0,0.0333333333333333,2.0,21.4,1.0,2.0,1.0,0.6666666666666666,3.0,1.0
1.3666666666666667,3.0,2.333333333333333,2.0,0.0333333333333333,2.0,6.866666666666667,5.0,0.0333333333333333,3.0,2.333333333333333,5.0,0.0333333333333333,5.0,21.4,2.0,2.0,2.0,0.6666666666666666,5.0,1.0
1.3666666666666667,4.0,2.333333333333333,2.0,0.0333333333333333,4.0,6.866666666666667,3.0,0.0333333333333333,5.0,2.333333333333333,2.0,0.0333333333333333,5.0,21.4,5.0,2.0,1.0,0.6666666666666666,1.0,1.0
1.3666666666666667,3.0,2.333333333333333,1.0,0.0333333333333333,2.0,6.866666666666667,3.0,0.0333333333333333,5.0,2.333333333333333,5.0,0.0333333333333333,1.0,21.4,5.0,2.0,1.0,0.6666666666666666,4.0,1.0
1.3666666666666667,5.0,2.333333333333333,5.0,0.0333333333333333,2.0,6.866666666666667,5.0,0.0333333333333333,1.0,2.333333333333333,3.0,0.0333333333333333,3.0,21.4,2.0,2.0,1.0,0.6666666666666666,4.0,1.0
1.3666666666666667,2.0,2.333333333333333,4.0,0.0333333333333333,3.0,6.866666666666667,2.0,0.0333333333333333,5.0,2.333333333333333,1.0,0.0333333333333333,4.0,21.4,4.0,2.0,2.0,0.6666666666666666,2.0,1.0
1.3666666666666667,1.0,2.333333333333333,5.0,0.0333333333333333,5.0,6.866666666666667,2.0,0.0333333333333333,1.0,2.333333333333333,1.0,0.0333333333333333,1.0,21.4,5.0,2.0,5.0,0.6666666666666666,1.0,1.0
1.3666666666666667,4.0,2.333333333333333,1.0,0.0333333333333333,2.0,6.866666666666667,3.0,0.0333333333333333,4.0,2.333333333333333,5.0,0.0333333333333333,1.0,21.4,1.0,2.0,2.0,0.6666666666666666,2.0,1.0
2.8666666666666667,1.0,2.333333333333333,1.0,0.0666666666666666,1.0,6.866666666666667,1.0,0.0333333333333333,1.0,2.333333333333333,1.0,0.0333333333333333,1.0,21.4,1.0,2.0,1.0,1.2,1.0,1.0
2.8666666666666667,5.0,2.333333333333333,4.0,0.0666666666666666,2.0,6.866666666666667,5.0,0.0333333333333333,3.0,2.333333333333333,3.0,0.0333333333333333,3.0,21.4,1.0,2.0,5.0,1.2,1.0,1.0
2.8666666666666667,1.0,2.333333333333333,2.0,0.0666666666666666,2.0,6.866666666666667,1.0,0.0333333333333333,1.0,2.333333333333333,4.0,0.0333333333333333,5.0,21.4,1.0,2.0,2.0,1.2,3.0,1.0
2.8666666666666667,5.0,2.333333333333333,4.0,0.0666666666666666,4.0,6.866666666666667,3.0,0.0333333333333333,3.0,2.333333333333333,1.0,0.0333333333333333,5.0,21.4,5.0,2.0,1.0,1.2,4.0,1.0
2.8666666666666667,1.0,2.333333333333333,4.0,0.0666666666666666,5.0,6.866666666666667,1.0,0.0333333333333333,3.0,2.333333333333333,1.0,0.0333333333333333,3.0,21.4,5.0,2.0,1.0,1.2,2.0,1.0
2.8666666666666667,5.0,2.333333333333333,2.0,0.0666666666666666,1.0,6.866666666666667,3.0,0.0333333333333333,3.0,2.333333333333333,4.0,0.0333333333333333,2.0,21.4,5.0,2.0,3.0,1.2,2.0,1.0
2.8666666666666667,5.0,2.333333333333333,5.0,0.0666666666666666,3.0,6.866666666666667,1.0,0.0333333333333333,3.0,2.333333333333333,3.0,0.0333333333333333,1.0,21.4,4.0,2.0,5.0,1.2,1.0,1.0
2.8666666666666667,4.0,2.333333333333333,1.0,0.0666666666666666,4.0,6.866666666666667,3.0,0.0333333333333333,1.0,2.333333333333333,5.0,0.0333333333333333,1.0,21.4,3.0,2.0,1.0,1.2,5.0,1.0
2.8666666666666667,4.0,2.333333333333333,5.0,0.0666666666666666,3.0,6.866666666666667,3.0,0.0333333333333333,4.0,2.333333333333333,4.0,0.0333333333333333,5.0,21.4,1.0,2.0,4.0,1.2,1.0,1.0
2.8666666666666667,2.0,2.333333333333333,5.0,0.0666666666666666,2.0,6.866666666666667,4.0,0.0333333333333333,3.0,2.333333333333333,2.0,0.0333333333333333,2.0,21.4,3.0,2.0,4.0,1.2,4.0,1.0
2.8666666666666667,5.0,2.333333333333333,5.0,0.0666666666666666,4.0,6.866666666666667,4.0,0.0333333333333333,2.0,2.333333333333333,3.0,0.0333333333333333,1.0,21.4,2.0,2.0,5.0,1.2,3.0,1.0
2.8666666666666667,1.0,2.333333333333333,1.0,0.0666666666666666,1.0,14.766666666666666,1.0,0.0333333333333333,1.0,2.333333333333333,1.0,0.0333333333333333,1.0,21.4,1.0,2.0,1.0,1.2,1.0,1.0
2.8666666666666667,1.0,2.333333333333333,4.0,0.0666666666666666,5.0,14.766666666666666,5.0,0.0333333333333333,2.0,2.333333333333333,3.0,0.0333333333333333,3.0,21.4,2.0,2.0,2.0,1.2,2.0,1.0
2.8666666666666667,5.0,2.333333333333333,4.0,0.0666666666666666,5.0,14.766666666666666,5.0,0.0333333333333333,5.0,2.333333333333333,1.0,0.0333333333333333,5.0,21.4,1.0,2.0,3.0,1.2,3.0,1.0
2.8666666666666667,2.0,2.333333333333333,1.0,0.0666666666666666,1.0,14.766666666666666,5.0,0.0333333333333333,2.0,2.333333333333333,2.0,0.0333333333333333,5.0,21.4,1.0,2.0,5.0,1.2,5.0,1.0
2.8666666666666667,3.0,2.333333333333333,1.0,0.0666666666666666,1.0,14.766666666666666,2.0,0.0333333333333333,3.0,2.333333333333333,1.0,0.0333333333333333,3.0,21.4,1.0,2.0,3.0,1.2,1.0,1.0
2.8666666666666667,4.0,2.333333333333333,1.0,0.0666666666666666,1.0,14.766666666666666,1.0,0.0333333333333333,5.0,2.333333333333333,1.0,0.0333333333333333,3.0,21.4,3.0,2.0,3.0,1.2,4.0,1.0
2.8666666666666667,5.0,2.333333333333333,2.0,0.0666666666666666,5.0,14.766666666666666,2.0,0.0333333333333333,5.0,2.333333333333333,3.0,0.0333333333333333,4.0,21.4,5.0,2.0,4.0,1.2,5.0,1.0
2.8666666666666667,3.0,2.333333333333333,1.0,0.0666666666666666,3.0,14.766666666666666,1.0,0.0333333333333333,5.0,2.333333333333333,2.0,0.0333333333333333,2.0,21.4,2.0,2.0,4.0,1.2,3.0,1.0
2.8666666666666667,5.0,2.333333333333333,3.0,0.0666666666666666,2.0,14.766666666666666,1.0,0.0333333333333333,1.0,2.333333333333333,2.0,0.0333333333333333,5.0,21.4,3.0,2.0,5.0,1.2,1.0,1.0
2.8666666666666667,1.0,2.333333333333333,5.0,0.0666666666666666,1.0,14.766666666666666,1.0,0.0333333333333333,3.0,2.333333333333333,5.0,0.0333333333333333,4.0,21.4,1.0,2.0,5.0,1.2,5.0,1.0
2.8666666666666667,5.0,2.333333333333333,5.0,0.0666666666666666,2.0,14.766666666666666,5.0,0.0333333333333333,2.0,2.333333333333333,5.0,0.0333333333333333,3.0,21.4,4.0,2.0,4.0,1.2,4.0,1.0
2.8666666666666667,1.0,5.833333333333334,1.0,0.0666666666666666,1.0,14.766666666666666,1.0,0.0333333333333333,1.0,3.2666666666666666,1.0,0.0333333333333333,1.0,21.4,1.0,2.0,1.0,1.2,1.0,1.0
2.8666666666666667,4.0,5.833333333333334,4.0,0.0666666666666666,4.0,14.766666666666666,1.0,0.0333333333333333,5.0,3.2666666666666666,3.0,0.0333333333333333,2.0,21.4,3.0,2.0,5.0,1.2,5.0,1.0
2.8666666666666667,5.0,5.833333333333334,3.0,0.0666666666666666,4.0,14.766666666666666,2.0,0.0333333333333333,4.0,3.2666666666666666,4.0,0.0333333333333333,2.0,21.4,2.0,2.0,1.0,1.2,1.0,1.0
2.8666666666666667,3.0,5.833333333333334,3.0,0.0666666666666666,1.0,14.766666666666666,3.0,0.0333333333333333,4.0,3.2666666666666666,2.0,0.0333333333333333,2.0,21.4,2.0,2.0,3.0,1.2,2.0,1.0
2.8666666666666667,4.0,5.833333333333334,2.0,0.0666666666666666,3.0,14.766666666666666,2.0,0.0333333333333333,1.0,3.2666666666666666,4.0,0.0333333333333333,2.0,21.4,2.0,2.0,4.0,1.2,5.0,1.0
2.8666666666666667,4.0,5.833333333333334,5.0,0.0666666666666666,5.0,14.766666666666666,3.0,0.0333333333333333,4.0,3.2666666666666666,2.0,0.0333333333333333,3.0,21.4,3.0,2.0,5.0,1.2,5.0,1.0
2.8666666666666667,3.0,5.833333333333334,4.0,0.0666666666666666,2.0,14.766666666666666,5.0,0.0333333333333333,3.0,3.2666666666666666,3.0,0.0333333333333333,4.0,21.4,4.0,2.0,1.0,1.2,2.0,1.0
2.8666666666666667,1.0,5.833333333333334,4.0,0.0666666666666666,1.0,14.766666666666666,2.0,0.0333333333333333,3.0,3.2666666666666666,4.0,0.0333333333333333,3.0,21.4,5.0,2.0,5.0,1.2,1.0,1.0
2.8666666666666667,5.0,5.833333333333334,4.0,0.0666666666666666,4.0,14.766666666666666,1.0,0.0333333333333333,4.0,3.2666666666666666,4.0,0.0333333333333333,3.0,21.4,1.0,2.0,3.0,1.2,5.0,1.0
2.8666666666666667,4.0,5.833333333333334,1.0,0.0666666666666666,5.0,14.766666666666666,5.0,0.0333333333333333,1.0,3.2666666666666666,5.0,0.0333333333333333,3.0,21.4,3.0,2.0,3.0,1.2,4.0,1.0
2.8666666666666667,5.0,5.833333333333334,4.0,0.0666666666666666,5.0,14.766666666666666,5.0,0.0333333333333333,1.0,3.2666666666666666,2.0,0.0333333333333333,4.0,21.4,3.0,2.0,1.0,1.2,1.0,1.0
2.8666666666666667,1.0,5.833333333333334,1.0,0.0666666666666666,1.0,14.766666666666666,1.0,0.0333333333333333,1.0,3.2666666666666666,1.0,0.0333333333333333,1.0,21.4,1.0,2.0,1.0,1.2,1.0,1.0
2.8666666666666667,3.0,5.833333333333334,4.0,0.0666666666666666,1.0,14.766666666666666,1.0,0.0333333333333333,1.0,3.2666666666666666,3.0,0.0333333333333333,1.0,21.4,3.0,2.0,3.0,1.2,3.0,1.0
2.8666666666666667,4.0,5.833333333333334,3.0,0.0666666666666666,4.0,14.766666666666666,4.0,0.0333333333333333,5.0,3.2666666666666666,4.0,0.0333333333333333,3.0,21.4,3.0,2.0,2.0,1.2,3.0,1.0
2.8666666666666667,1.0,5.833333333333334,5.0,0.0666666666666666,5.0,14.766666666666666,1.0,0.0333333333333333,4.0,3.2666666666666666,1.0,0.0333333333333333,4.0,21.4,1.0,2.0,3.0,1.2,4.0,1.0
2.8666666666666667,4.0,5.833333333333334,3.0,0.0666666666666666,5.0,14.766666666666666,4.0,0.0333333333333333,2.0,3.2666666666666666,4.0,0.0333333333333333,4.0,21.4,2.0,2.0,4.0,1.2,5.0,1.0
2.8666666666666667,5.0,5.833333333333334,4.0,0.0666666666666666,4.0,14.766666666666666,2.0,0.0333333333333333,4.0,3.2666666666666666,2.0,0.0333333333333333,3.0,21.4,2.0,2.0,2.0,1.2,1.0,1.0
2.8666666666666667,5.0,5.833333333333334,1.0,0.0666666666666666,1.0,14.766666666666666,5.0,0.0333333333333333,3.0,3.2666666666666666,3.0,0.0333333333333333,4.0,21.4,2.0,2.0,1.0,1.2,4.0,1.0
2.8666666666666667,1.0,5.833333333333334,3.0,0.0666666666666666,5.0,14.766666666666666,5.0,0.0333333333333333,2.0,3.2666666666666666,4.0,0.0333333333333333,4.0,21.4,3.0,2.0,1.0,1.2,2.0,1.0
2.8666666666666667,4.0,5.833333333333334,5.0,0.0666666666666666,1.0,14.766666666666666,4.0,0.0333333333333333,5.0,3.2666666666666666,5.0,0.0333333333333333,3.0,21.4,1.0,2.0,2.0,1.2,5.0,1.0
2.8666666666666667,5.0,5.833333333333334,4.0,0.0666666666666666,1.0,14.766666666666666,1.0,0.0333333333333333,3.0,3.2666666666666666,3.0,0.0333333333333333,1.0,21.4,4.0,2.0,3.0,1.2,1.0,1.0
2.8666666666666667,1.0,5.833333333333334,3.0,0.0666666666666666,4.0,14.766666666666666,5.0,0.0333333333333333,3.0,3.2666666666666666,2.0,0.0333333333333333,5.0,21.4,3.0,2.0,2.0,1.2,3.0,1.0
2.8666666666666667,1.0,5.833333333333334,1.0,0.0666666666666666,1.0,14.766666666666666,1.0,0.0333333333333333,1.0,3.2666666666666666,2.0,0.0333333333333333,1.0,21.4,1.0,5.3,1.0,1.2,1.0,1.0
2.8666666666666667,1.0,5.833333333333334,2.0,0.0666666666666666,3.0,14.766666666666666,5.0,0.0333333333333333,4.0,3.2666666666666666,4.0,0.0333333333333333,3.0,21.4,1.0,5.3,2.0,1.2,5.0,1.0
2.8666666666666667,1.0,5.833333333333334,5.0,0.0666666666666666,4.0,14.766666666666666,2.0,0.0333333333333333,4.0,3.2666666666666666,5.0,0.0333333333333333,1.0,21.4,1.0,5.3,4.0,1.2,5.0,1.0
2.8666666666666667,1.0,5.833333333333334,4.0,0.0666666666666666,1.0,14.766666666666666,4.0,0.0333333333333333,4.0,3.2666666666666666,1.0,0.0333333333333333,4.0,21.4,5.0,5.3,5.0,1.2,1.0,1.0
2.8666666666666667,2.0,5.833333333333334,2.0,0.0666666666666666,3.0,14.766666666666666,1.0,0.0333333333333333,5.0,3.2666666666666666,4.0,0.0333333333333333,5.0,21.4,1.0,5.3,1.0,1.2,5.0,1.0
2.8666666666666667,2.0,5.833333333333334,4.0,0.0666666666666666,5.0,14.766666666666666,1.0,0.0333333333333333,1.0,3.2666666666666666,1.0,0.0333333333333333,1.0,21.4,1.0,5.3,5.0,1.2,4.0,1.0
2.8666666666666667,5.0,5.833333333333334,5.0,0.0666666666666666,5.0,14.766666666666666,2.0,0.0333333333333333,2.0,3.2666666666666666,5.0,0.0333333333333333,2.0,21.4,1.0,5.3,4.0,1.2,5.0,1.0
2.8666666666666667,5.0,5.833333333333334,5.0,0.0666666666666666,1.0,14.766666666666666,4.0,0.0333333333333333,5.0,3.2666666666666666,4.0,0.0333333333333333,5.0,21.4,5.0,5.3,3.0,1.2,1.0,1.0
2.8666666666666667,3.0,5.833333333333334,2.0,0.0666666666666666,1.0,14.766666666666666,1.0,0.0333333333333333,4.0,3.2666666666666666,3.0,0.0333333333333333,3.0,21.4,4.0,5.3,3.0,1.2,4.0,1.0
2.8666666666666667,1.0,5.833333333333334,5.0,0.0666666666666666,3.0,14.766666666666666,1.0,0.0333333333333333,5.0,3.2666666666666666,4.0,0.0333333333333333,1.0,21.4,1.0,5.3,1.0,1.2,2.0,1.0
2.8666666666666667,1.0,5.833333333333334,4.0,0.0666666666666666,3.0,14.766666666666666,5.0,0.0333333333333333,4.0,3.2666666666666666,4.0,0.0333333333333333,3.0,21.4,1.0,5.3,1.0,1.2,4.0,1.0
2.8666666666666667,1.0,5.833333333333333,1.0,0.0666666666666666,1.0,14.766666666666666,1.0,0.0333333333333333,1.0,3.2666666666666666,2.0,0.0333333333333333,1.0,38.13333333333333,1.0,5.3,1.0,1.2,1.0,1.0
2.8666666666666667,1.0,5.833333333333333,1.0,0.0666666666666666,2.0,14.766666666666666,5.0,0.0333333333333333,3.0,3.2666666666666666,4.0,0.0333333333333333,3.0,38.13333333333333,1.0,5.3,2.0,1.2,1.0,1.0
2.8666666666666667,4.0,5.833333333333333,1.0,0.0666666666666666,2.0,14.766666666666666,5.0,0.0333333333333333,3.0,3.2666666666666666,3.0,0.0333333333333333,3.0,38.13333333333333,4.0,5.3,2.0,1.2,4.0,1.0
2.8666666666666667,5.0,5.833333333333333,3.0,0.0666666666666666,3.0,14.766666666666666,1.0,0.0333333333333333,2.0,3.2666666666666666,5.0,0.0333333333333333,3.0,38.13333333333333,2.0,5.3,3.0,1.2,3.0,1.0
2.8666666666666667,3.0,5.833333333333333,4.0,0.0666666666666666,2.0,14.766666666666666,4.0,0.0333333333333333,3.0,3.2666666666666666,5.0,0.0333333333333333,1.0,38.13333333333333,1.0,5.3,3.0,1.2,3.0,1.0
2.8666666666666667,4.0,5.833333333333333,3.0,0.0666666666666666,5.0,14.766666666666666,3.0,0.0333333333333333,1.0,3.2666666666666666,1.0,0.0333333333333333,5.0,38.13333333333333,1.0,5.3,5.0,1.2,2.0,1.0
2.8666666666666667,1.0,5.833333333333333,2.0,0.0666666666666666,4.0,14.766666666666666,3.0,0.0333333333333333,4.0,3.2666666666666666,4.0,0.0333333333333333,3.0,38.13333333333333,4.0,5.3,5.0,1.2,3.0,1.0
2.8666666666666667,1.0,5.833333333333333,3.0,0.0666666666666666,5.0,14.766666666666666,2.0,0.0333333333333333,5.0,3.2666666666666666,3.0,0.0333333333333333,4.0,38.13333333333333,2.0,5.3,5.0,1.2,1.0,1.0
2.8666666666666667,2.0,5.833333333333333,3.0,0.0666666666666666,3.0,14.766666666666666,3.0,0.0333333333333333,1.0,3.2666666666666666,2.0,0.0333333333333333,1.0,38.13333333333333,3.0,5.3,2.0,1.2,3.0,1.0
2.8666666666666667,3.0,5.833333333333333,4.0,0.0666666666666666,3.0,14.766666666666666,4.0,0.0333333333333333,3.0,3.2666666666666666,4.0,0.0333333333333333,4.0,38.13333333333333,2.0,5.3,2.0,1.2,4.0,1.0
2.8666666666666667,2.0,5.833333333333333,3.0,0.0666666666666666,1.0,14.766666666666666,3.0,0.0333333333333333,3.0,3.2666666666666666,4.0,0.0333333333333333,3.0,38.13333333333333,2.0,5.3,5.0,1.2,3.0,1.0
3.8,1.0,5.833333333333333,1.0,0.1,1.0,14.766666666666666,1.0,0.0333333333333333,1.0,3.2666666666666666,2.0,0.0333333333333333,1.0,38.13333333333333,1.0,5.3,1.0,1.6666666666666663,1.0,1.0
3.8,5.0,5.833333333333333,4.0,0.1,3.0,14.766666666666666,5.0,0.0333333333333333,1.0,3.2666666666666666,5.0,0.0333333333333333,5.0,38.13333333333333,3.0,5.3,4.0,1.6666666666666663,3.0,1.0
3.8,2.0,5.833333333333333,4.0,0.1,2.0,14.766666666666666,2.0,0.0333333333333333,3.0,3.2666666666666666,5.0,0.0333333333333333,2.0,38.13333333333333,3.0,5.3,1.0,1.6666666666666663,1.0,1.0
3.8,1.0,5.833333333333333,1.0,0.1,5.0,14.766666666666666,5.0,0.0333333333333333,5.0,3.2666666666666666,1.0,0.0333333333333333,1.0,38.13333333333333,2.0,5.3,3.0,1.6666666666666663,2.0,1.0
3.8,3.0,5.833333333333333,1.0,0.1,4.0,14.766666666666666,2.0,0.0333333333333333,1.0,3.2666666666666666,4.0,0.0333333333333333,5.0,38.13333333333333,1.0,5.3,3.0,1.6666666666666663,5.0,1.0
3.8,4.0,5.833333333333333,5.0,0.1,3.0,14.766666666666666,2.0,0.0333333333333333,4.0,3.2666666666666666,1.0,0.0333333333333333,2.0,38.13333333333333,4.0,5.3,4.0,1.6666666666666663,1.0,1.0
3.8,3.0,5.833333333333333,2.0,0.1,3.0,14.766666666666666,5.0,0.0333333333333333,1.0,3.2666666666666666,5.0,0.0333333333333333,3.0,38.13333333333333,4.0,5.3,3.0,1.6666666666666663,2.0,1.0
3.8,4.0,5.833333333333333,4.0,0.1,1.0,14.766666666666666,4.0,0.0333333333333333,4.0,3.2666666666666666,2.0,0.0333333333333333,5.0,38.13333333333333,4.0,5.3,2.0,1.6666666666666663,1.0,1.0
3.8,4.0,5.833333333333333,2.0,0.1,4.0,14.766666666666666,3.0,0.0333333333333333,3.0,3.2666666666666666,1.0,0.0333333333333333,4.0,38.13333333333333,1.0,5.3,3.0,1.6666666666666663,5.0,1.0
3.8,5.0,5.833333333333333,5.0,0.1,5.0,14.766666666666666,3.0,0.0333333333333333,2.0,3.2666666666666666,5.0,0.0333333333333333,5.0,38.13333333333333,5.0,5.3,4.0,1.6666666666666663,1.0,1.0
3.8,3.0,5.833333333333333,3.0,0.1,5.0,14.766666666666666,2.0,0.0333333333333333,2.0,3.2666666666666666,1.0,0.0333333333333333,5.0,38.13333333333333,4.0,5.3,1.0,1.6666666666666663,3.0,1.0
3.8,1.0,5.833333333333333,1.0,0.1,1.0,16.866666666666667,1.0,0.0333333333333333,1.0,3.2666666666666666,2.0,0.1333333333333333,1.0,38.13333333333333,1.0,5.3,1.0,1.6666666666666663,1.0,1.0
3.8,3.0,5.833333333333333,3.0,0.1,5.0,16.866666666666667,1.0,0.0333333333333333,2.0,3.2666666666666666,1.0,0.1333333333333333,2.0,38.13333333333333,5.0,5.3,5.0,1.6666666666666663,1.0,1.0
3.8,4.0,5.833333333333333,2.0,0.1,1.0,16.866666666666667,2.0,0.0333333333333333,1.0,3.2666666666666666,3.0,0.1333333333333333,5.0,38.13333333333333,3.0,5.3,4.0,1.6666666666666663,3.0,1.0
3.8,1.0,5.833333333333333,1.0,0.1,2.0,16.866666666666667,2.0,0.0333333333333333,5.0,3.2666666666666666,5.0,0.1333333333333333,5.0,38.13333333333333,4.0,5.3,3.0,1.6666666666666663,4.0,1.0
3.8,3.0,5.833333333333333,4.0,0.1,4.0,16.866666666666667,4.0,0.0333333333333333,4.0,3.2666666666666666,1.0,0.1333333333333333,4.0,38.13333333333333,2.0,5.3,4.0,1.6666666666666663,3.0,1.0
3.8,5.0,5.833333333333333,2.0,0.1,5.0,16.866666666666667,5.0,0.0333333333333333,2.0,3.2666666666666666,3.0,0.1333333333333333,3.0,38.13333333333333,4.0,5.3,4.0,1.6666666666666663,5.0,1.0
3.8,2.0,5.833333333333333,3.0,0.1,3.0,16.866666666666667,5.0,0.0333333333333333,2.0,3.2666666666666666,3.0,0.1333333333333333,1.0,38.13333333333333,5.0,5.3,2.0,1.6666666666666663,2.0,1.0
3.8,3.0,5.833333333333333,3.0,0.1,5.0,16.866666666666667,3.0,0.0333333333333333,3.0,3.2666666666666666,1.0,0.1333333333333333,1.0,38.13333333333333,2.0,5.3,5.0,1.6666666666666663,5.0,1.0
3.8,4.0,5.833333333333333,4.0,0.1,2.0,16.866666666666667,1.0,0.0333333333333333,1.0,3.2666666666666666,2.0,0.1333333333333333,2.0,38.13333333333333,1.0,5.3,2.0,1.6666666666666663,1.0,1.0
3.8,4.0,5.833333333333333,5.0,0.1,4.0,16.866666666666667,3.0,0.0333333333333333,3.0,3.2666666666666666,2.0,0.1333333333333333,1.0,38.13333333333333,3.0,5.3,3.0,1.6666666666666663,1.0,1.0
3.8,3.0,5.833333333333333,2.0,0.1,1.0,16.866666666666667,4.0,0.0333333333333333,3.0,3.2666666666666666,4.0,0.1333333333333333,4.0,38.13333333333333,5.0,5.3,5.0,1.6666666666666663,4.0,1.0
3.8,1.0,6.400000000000001,1.0,0.1,1.0,16.866666666666667,1.0,0.1333333333333333,1.0,5.833333333333334,2.0,0.1333333333333333,1.0,38.13333333333333,1.0,5.3,1.0,1.6666666666666663,1.0,1.0
3.8,5.0,6.400000000000001,3.0,0.1,5.0,16.866666666666667,4.0,0.1333333333333333,4.0,5.833333333333334,5.0,0.1333333333333333,3.0,38.13333333333333,4.0,5.3,2.0,1.6666666666666663,5.0,1.0
3.8,4.0,6.400000000000001,4.0,0.1,3.0,16.866666666666667,5.0,0.1333333333333333,1.0,5.833333333333334,1.0,0.1333333333333333,3.0,38.13333333333333,4.0,5.3,5.0,1.6666666666666663,3.0,1.0
3.8,4.0,6.400000000000001,3.0,0.1,5.0,16.866666666666667,4.0,0.1333333333333333,3.0,5.833333333333334,5.0,0.1333333333333333,1.0,38.13333333333333,5.0,5.3,1.0,1.6666666666666663,2.0,1.0
3.8,5.0,6.400000000000001,4.0,0.1,5.0,16.866666666666667,4.0,0.1333333333333333,4.0,5.833333333333334,2.0,0.1333333333333333,1.0,38.13333333333333,1.0,5.3,2.0,1.6666666666666663,1.0,1.0
3.8,3.0,6.400000000000001,4.0,0.1,5.0,16.866666666666667,3.0,0.1333333333333333,5.0,5.833333333333334,5.0,0.1333333333333333,5.0,38.13333333333333,3.0,5.3,2.0,1.6666666666666663,5.0,1.0
3.8,2.0,6.400000000000001,3.0,0.1,1.0,16.866666666666667,4.0,0.1333333333333333,4.0,5.833333333333334,1.0,0.1333333333333333,2.0,38.13333333333333,3.0,5.3,3.0,1.6666666666666663,5.0,1.0
3.8,2.0,6.400000000000001,5.0,0.1,3.0,16.866666666666667,5.0,0.1333333333333333,2.0,5.833333333333334,1.0,0.1333333333333333,1.0,38.13333333333333,2.0,5.3,5.0,1.6666666666666663,1.0,1.0
3.8,2.0,6.400000000000001,1.0,0.1,5.0,16.866666666666667,4.0,0.1333333333333333,4.0,5.833333333333334,4.0,0.1333333333333333,4.0,38.13333333333333,4.0,5.3,1.0,1.6666666666666663,5.0,1.0
3.8,4.0,6.400000000000001,4.0,0.1,2.0,16.866666666666667,5.0,0.1333333333333333,2.0,5.833333333333334,1.0,0.1333333333333333,5.0,38.13333333333333,2.0,5.3,1.0,1.6666666666666663,4.0,1.0
3.8,2.0,6.400000000000001,5.0,0.1,3.0,16.866666666666667,1.0,0.1333333333333333,5.0,5.833333333333334,3.0,0.1333333333333333,2.0,38.13333333333333,4.0,5.3,3.0,1.6666666666666663,1.0,1.0
3.8,1.0,6.400000000000001,1.0,0.1,1.0,16.866666666666667,1.0,0.1333333333333333,1.0,5.833333333333334,2.0,0.1333333333333333,1.0,38.13333333333333,1.0,5.3,1.0,1.6666666666666663,1.0,1.0
3.8,4.0,6.400000000000001,3.0,0.1,4.0,16.866666666666667,5.0,0.1333333333333333,4.0,5.833333333333334,4.0,0.1333333333333333,2.0,38.13333333333333,2.0,5.3,3.0,1.6666666666666663,5.0,1.0
3.8,3.0,6.400000000000001,2.0,0.1,4.0,16.866666666666667,5.0,0.1333333333333333,5.0,5.833333333333334,2.0,0.1333333333333333,4.0,38.13333333333333,3.0,5.3,3.0,1.6666666666666663,2.0,1.0
3.8,1.0,6.400000000000001,2.0,0.1,3.0,16.866666666666667,5.0,0.1333333333333333,5.0,5.833333333333334,1.0,0.1333333333333333,4.0,38.13333333333333,1.0,5.3,4.0,1.6666666666666663,2.0,1.0
3.8,3.0,6.400000000000001,4.0,0.1,3.0,16.866666666666667,5.0,0.1333333333333333,3.0,5.833333333333334,5.0,0.1333333333333333,4.0,38.13333333333333,2.0,5.3,4.0,1.6666666666666663,3.0,1.0
3.8,3.0,6.400000000000001,1.0,0.1,1.0,16.866666666666667,3.0,0.1333333333333333,1.0,5.833333333333334,5.0,0.1333333333333333,5.0,38.13333333333333,4.0,5.3,4.0,1.6666666666666663,3.0,1.0
3.8,1.0,6.400000000000001,2.0,0.1,3.0,16.866666666666667,5.0,0.1333333333333333,2.0,5.833333333333334,3.0,0.1333333333333333,2.0,38.13333333333333,1.0,5.3,1.0,1.6666666666666663,2.0,1.0
3.8,1.0,6.400000000000001,1.0,0.1,2.0,16.866666666666667,2.0,0.1333333333333333,3.0,5.833333333333334,1.0,0.1333333333333333,2.0,38.13333333333333,3.0,5.3,5.0,1.6666666666666663,4.0,1.0
3.8,5.0,6.400000000000001,2.0,0.1,3.0,16.866666666666667,3.0,0.1333333333333333,5.0,5.833333333333334,5.0,0.1333333333333333,5.0,38.13333333333333,4.0,5.3,3.0,1.6666666666666663,3.0,1.0
3.8,5.0,6.400000000000001,2.0,0.1,2.0,16.866666666666667,5.0,0.1333333333333333,2.0,5.833333333333334,2.0,0.1333333333333333,3.0,38.13333333333333,2.0,5.3,5.0,1.6666666666666663,5.0,1.0
3.8,2.0,6.400000000000001,3.0,0.1,5.0,16.866666666666667,4.0,0.1333333333333333,2.0,5.833333333333334,3.0,0.1333333333333333,4.0,38.13333333333333,4.0,5.3,1.0,1.6666666666666663,2.0,1.0
3.8,1.0,6.400000000000001,1.0,0.1,1.0,16.866666666666667,1.0,0.1333333333333333,1.0,5.833333333333334,2.0,0.1333333333333333,1.0,38.13333333333333,1.0,4.866666666666666,1.0,1.6666666666666663,1.0,1.0
3.8,5.0,6.400000000000001,2.0,0.1,2.0,16.866666666666667,2.0,0.1333333333333333,1.0,5.833333333333334,1.0,0.1333333333333333,2.0,38.13333333333333,5.0,4.866666666666666,1.0,1.6666666666666663,2.0,1.0
3.8,1.0,6.400000000000001,3.0,0.1,2.0,16.866666666666667,4.0,0.1333333333333333,3.0,5.833333333333334,4.0,0.1333333333333333,4.0,38.13333333333333,3.0,4.866666666666666,5.0,1.6666666666666663,3.0,1.0
3.8,5.0,6.400000000000001,5.0,0.1,3.0,16.866666666666667,4.0,0.1333333333333333,2.0,5.833333333333334,5.0,0.1333333333333333,4.0,38.13333333333333,5.0,4.866666666666666,2.0,1.6666666666666663,4.0,1.0
3.8,3.0,6.400000000000001,1.0,0.1,1.0,16.866666666666667,3.0,0.1333333333333333,2.0,5.833333333333334,1.0,0.1333333333333333,3.0,38.13333333333333,4.0,4.866666666666666,2.0,1.6666666666666663,5.0,1.0
3.8,4.0,6.400000000000001,3.0,0.1,5.0,16.866666666666667,3.0,0.1333333333333333,1.0,5.833333333333334,1.0,0.1333333333333333,5.0,38.13333333333333,5.0,4.866666666666666,4.0,1.6666666666666663,1.0,1.0
3.8,2.0,6.400000000000001,1.0,0.1,1.0,16.866666666666667,2.0,0.1333333333333333,3.0,5.833333333333334,1.0,0.1333333333333333,5.0,38.13333333333333,3.0,4.866666666666666,2.0,1.6666666666666663,3.0,1.0
3.8,4.0,6.400000000000001,2.0,0.1,1.0,16.866666666666667,1.0,0.1333333333333333,5.0,5.833333333333334,1.0,0.1333333333333333,4.0,38.13333333333333,2.0,4.866666666666666,4.0,1.6666666666666663,1.0,1.0
3.8,5.0,6.400000000000001,4.0,0.1,3.0,16.866666666666667,2.0,0.1333333333333333,5.0,5.833333333333334,2.0,0.1333333333333333,3.0,38.13333333333333,2.0,4.866666666666666,2.0,1.6666666666666663,3.0,1.0
3.8,1.0,6.400000000000001,1.0,0.1,2.0,16.866666666666667,1.0,0.1333333333333333,3.0,5.833333333333334,5.0,0.1333333333333333,1.0,38.13333333333333,1.0,4.866666666666666,1.0,1.6666666666666663,3.0,1.0
3.8,2.0,6.400000000000001,3.0,0.1,1.0,16.866666666666667,2.0,0.1333333333333333,3.0,5.833333333333334,3.0,0.1333333333333333,3.0,38.13333333333333,4.0,4.866666666666666,3.0,1.6666666666666663,5.0,1.0
3.8,1.0,6.4,1.0,0.1,1.0,16.866666666666667,1.0,0.1333333333333333,1.0,5.833333333333334,2.0,0.1333333333333333,1.0,36.766666666666666,1.0,4.866666666666666,1.0,1.6666666666666663,1.0,1.0
3.8,3.0,6.4,2.0,0.1,2.0,16.866666666666667,2.0,0.1333333333333333,3.0,5.833333333333334,2.0,0.1333333333333333,5.0,36.766666666666666,3.0,4.866666666666666,5.0,1.6666666666666663,4.0,1.0
3.8,2.0,6.4,2.0,0.1,4.0,16.866666666666667,2.0,0.1333333333333333,2.0,5.833333333333334,5.0,0.1333333333333333,3.0,36.766666666666666,1.0,4.866666666666666,3.0,1.6666666666666663,3.0,1.0
3.8,5.0,6.4,4.0,0.1,1.0,16.866666666666667,1.0,0.1333333333333333,4.0,5.833333333333334,1.0,0.1333333333333333,2.0,36.766666666666666,1.0,4.866666666666666,1.0,1.6666666666666663,5.0,1.0
3.8,1.0,6.4,1.0,0.1,5.0,16.866666666666667,1.0,0.1333333333333333,5.0,5.833333333333334,1.0,0.1333333333333333,1.0,36.766666666666666,1.0,4.866666666666666,4.0,1.6666666666666663,4.0,1.0
3.8,3.0,6.4,2.0,0.1,1.0,16.866666666666667,3.0,0.1333333333333333,2.0,5.833333333333334,3.0,0.1333333333333333,4.0,36.766666666666666,5.0,4.866666666666666,3.0,1.6666666666666663,1.0,1.0
3.8,2.0,6.4,5.0,0.1,3.0,16.866666666666667,4.0,0.1333333333333333,3.0,5.833333333333334,1.0,0.1333333333333333,5.0,36.766666666666666,4.0,4.866666666666666,5.0,1.6666666666666663,5.0,1.0
3.8,2.0,6.4,2.0,0.1,2.0,16.866666666666667,5.0,0.1333333333333333,3.0,5.833333333333334,3.0,0.1333333333333333,5.0,36.766666666666666,4.0,4.866666666666666,5.0,1.6666666666666663,5.0,1.0
3.8,1.0,6.4,2.0,0.1,4.0,16.866666666666667,5.0,0.1333333333333333,1.0,5.833333333333334,2.0,0.1333333333333333,3.0,36.766666666666666,4.0,4.866666666666666,1.0,1.6666666666666663,4.0,1.0
3.8,2.0,6.4,2.0,0.1,3.0,16.866666666666667,3.0,0.1333333333333333,4.0,5.833333333333334,2.0,0.1333333333333333,5.0,36.766666666666666,1.0,4.866666666666666,5.0,1.6666666666666663,1.0,1.0
3.8,4.0,6.4,2.0,0.1,2.0,16.866666666666667,1.0,0.1333333333333333,4.0,5.833333333333334,1.0,0.1333333333333333,4.0,36.766666666666666,4.0,4.866666666666666,5.0,1.6666666666666663,4.0,1.0
3.8,1.0,6.4,1.0,0.1,1.0,16.866666666666667,1.0,0.1333333333333333,1.0,5.833333333333334,2.0,0.1333333333333333,1.0,36.766666666666666,1.0,4.866666666666666,1.0,1.7,1.0,1.0
3.8,2.0,6.4,4.0,0.1,5.0,16.866666666666667,2.0,0.1333333333333333,1.0,5.833333333333334,5.0,0.1333333333333333,1.0,36.766666666666666,3.0,4.866666666666666,2.0,1.7,1.0,1.0
3.8,4.0,6.4,1.0,0.1,4.0,16.866666666666667,4.0,0.1333333333333333,1.0,5.833333333333334,1.0,0.1333333333333333,4.0,36.766666666666666,3.0,4.866666666666666,1.0,1.7,5.0,1.0
3.8,2.0,6.4,1.0,0.1,5.0,16.866666666666667,1.0,0.1333333333333333,3.0,5.833333333333334,5.0,0.1333333333333333,3.0,36.766666666666666,3.0,4.866666666666666,2.0,1.7,1.0,1.0
3.8,3.0,6.4,5.0,0.1,1.0,16.866666666666667,5.0,0.1333333333333333,3.0,5.833333333333334,3.0,0.1333333333333333,1.0,36.766666666666666,4.0,4.866666666666666,1.0,1.7,2.0,1.0
3.8,4.0,6.4,1.0,0.1,3.0,16.866666666666667,3.0,0.1333333333333333,1.0,5.833333333333334,2.0,0.1333333333333333,2.0,36.766666666666666,4.0,4.866666666666666,5.0,1.7,5.0,1.0
3.8,1.0,6.4,1.0,0.1,1.0,16.866666666666667,3.0,0.1333333333333333,1.0,5.833333333333334,2.0,0.1333333333333333,5.0,36.766666666666666,5.0,4.866666666666666,5.0,1.7,2.0,1.0
3.8,4.0,6.4,4.0,0.1,1.0,16.866666666666667,3.0,0.1333333333333333,3.0,5.833333333333334,2.0,0.1333333333333333,4.0,36.766666666666666,4.0,4.866666666666666,3.0,1.7,4.0,1.0
3.8,4.0,6.4,3.0,0.1,2.0,16.866666666666667,4.0,0.1333333333333333,4.0,5.833333333333334,5.0,0.1333333333333333,1.0,36.766666666666666,3.0,4.866666666666666,5.0,1.7,3.0,1.0
3.8,5.0,6.4,1.0,0.1,1.0,16.866666666666667,4.0,0.1333333333333333,2.0,5.833333333333334,3.0,0.1333333333333333,3.0,36.766666666666666,3.0,4.866666666666666,5.0,1.7,1.0,1.0
3.8,4.0,6.4,5.0,0.1,4.0,16.866666666666667,2.0,0.1333333333333333,1.0,5.833333333333334,4.0,0.1333333333333333,3.0,36.766666666666666,1.0,4.866666666666666,2.0,1.7,5.0,1.0
3.8,1.0,6.4,1.0,0.1,1.0,18.666666666666668,1.0,0.1333333333333333,1.0,5.833333333333334,2.0,0.0666666666666666,1.0,36.766666666666666,1.0,4.866666666666666,1.0,1.7,1.0,1.0
3.8,2.0,6.4,1.0,0.1,4.0,18.666666666666668,1.0,0.1333333333333333,5.0,5.833333333333334,5.0,0.0666666666666666,5.0,36.766666666666666,5.0,4.866666666666666,2.0,1.7,2.0,1.0
3.8,2.0,6.4,3.0,0.1,5.0,18.666666666666668,4.0,0.1333333333333333,4.0,5.833333333333334,5.0,0.0666666666666666,4.0,36.766666666666666,2.0,4.866666666666666,3.0,1.7,3.0,1.0
3.8,1.0,6.4,4.0,0.1,4.0,18.666666666666668,4.0,0.1333333333333333,3.0,5.833333333333334,4.0,0.0666666666666666,5.0,36.766666666666666,3.0,4.866666666666666,3.0,1.7,1.0,1.0
3.8,4.0,6.4,5.0,0.1,4.0,18.666666666666668,5.0,0.1333333333333333,5.0,5.833333333333334,4.0,0.0666666666666666,3.0,36.766666666666666,1.0,4.866666666666666,1.0,1.7,2.0,1.0
3.8,3.0,6.4,4.0,0.1,3.0,18.666666666666668,1.0,0.1333333333333333,2.0,5.833333333333334,5.0,0.0666666666666666,5.0,36.766666666666666,2.0,4.866666666666666,5.0,1.7,4.0,1.0
3.8,5.0,6.4,5.0,0.1,4.0,18.666666666666668,2.0,0.1333333333333333,4.0,5.833333333333334,2.0,0.0666666666666666,2.0,36.766666666666666,4.0,4.866666666666666,3.0,1.7,3.0,1.0
3.8,2.0,6.4,3.0,0.1,1.0,18.666666666666668,4.0,0.1333333333333333,3.0,5.833333333333334,5.0,0.0666666666666666,3.0,36.766666666666666,3.0,4.866666666666666,1.0,1.7,1.0,1.0
3.8,2.0,6.4,2.0,0.1,2.0,18.666666666666668,2.0,0.1333333333333333,4.0,5.833333333333334,1.0,0.0666666666666666,2.0,36.766666666666666,1.0,4.866666666666666,2.0,1.7,4.0,1.0
3.8,1.0,6.4,2.0,0.1,1.0,18.666666666666668,5.0,0.1333333333333333,4.0,5.833333333333334,2.0,0.0666666666666666,1.0,36.766666666666666,1.0,4.866666666666666,3.0,1.7,4.0,1.0
3.8,3.0,6.4,5.0,0.1,2.0,18.666666666666668,2.0,0.1333333333333333,3.0,5.833333333333334,2.0,0.0666666666666666,5.0,36.766666666666666,1.0,4.866666666666666,3.0,1.7,3.0,1.0
3.8,1.0,6.433333333333335,1.0,0.1,1.0,18.666666666666668,1.0,0.1,1.0,5.7,2.0,0.0666666666666666,1.0,36.766666666666666,1.0,4.866666666666666,1.0,1.7,1.0,1.0
3.8,1.0,6.433333333333335,3.0,0.1,3.0,18.666666666666668,2.0,0.1,1.0,5.7,1.0,0.0666666666666666,1.0,36.766666666666666,3.0,4.866666666666666,1.0,1.7,5.0,1.0
3.8,2.0,6.433333333333335,4.0,0.1,4.0,18.666666666666668,3.0,0.1,5.0,5.7,1.0,0.0666666666666666,2.0,36.766666666666666,2.0,4.866666666666666,1.0,1.7,2.0,1.0
3.8,2.0,6.433333333333335,4.0,0.1,2.0,18.666666666666668,5.0,0.1,4.0,5.7,5.0,0.0666666666666666,1.0,36.766666666666666,5.0,4.866666666666666,4.0,1.7,5.0,1.0
3.8,2.0,6.433333333333335,5.0,0.1,3.0,18.666666666666668,1.0,0.1,3.0,5.7,1.0,0.0666666666666666,5.0,36.766666666666666,2.0,4.866666666666666,2.0,1.7,3.0,1.0
3.8,3.0,6.433333333333335,1.0,0.1,5.0,18.666666666666668,5.0,0.1,4.0,5.7,4.0,0.0666666666666666,3.0,36.766666666666666,3.0,4.866666666666666,3.0,1.7,1.0,1.0
3.8,1.0,6.433333333333335,2.0,0.1,3.0,18.666666666666668,1.0,0.1,1.0,5.7,5.0,0.0666666666666666,2.0,36.766666666666666,3.0,4.866666666666666,3.0,1.7,4.0,1.0
3.8,4.0,6.433333333333335,2.0,0.1,5.0,18.666666666666668,2.0,0.1,5.0,5.7,3.0,0.0666666666666666,1.0,36.766666666666666,4.0,4.866666666666666,1.0,1.7,4.0,1.0
3.8,1.0,6.433333333333335,2.0,0.1,4.0,18.666666666666668,5.0,0.1,3.0,5.7,1.0,0.0666666666666666,2.0,36.766666666666666,5.0,4.866666666666666,4.0,1.7,1.0,1.0
3.8,2.0,6.433333333333335,2.0,0.1,1.0,18.666666666666668,5.0,0.1,4.0,5.7,1.0,0.0666666666666666,4.0,36.766666666666666,3.0,4.866666666666666,1.0,1.7,3.0,1.0
3.8,1.0,6.433333333333335,2.0,0.1,5.0,18.666666666666668,4.0,0.1,1.0,5.7,5.0,0.0666666666666666,3.0,36.766666666666666,5.0,4.866666666666666,4.0,1.7,2.0,1.0
3.8,1.0,6.433333333333335,1.0,0.1,1.0,18.666666666666668,1.0,0.1,1.0,6.837348888888889,2.0,0.0666666666666666,1.0,36.766666666666666,1.0,4.866666666666666,1.0,1.7,1.0,1.0
3.8,3.0,6.433333333333335,3.0,0.1,4.0,18.666666666666668,2.0,0.1,2.0,6.837348888888889,2.0,0.0666666666666666,2.0,36.766666666666666,1.0,4.866666666666666,1.0,1.7,5.0,1.0
3.8,1.0,6.433333333333335,5.0,0.1,1.0,18.666666666666668,4.0,0.1,2.0,6.837348888888889,3.0,0.0666666666666666,2.0,36.766666666666666,3.0,4.866666666666666,3.0,1.7,3.0,1.0
3.8,2.0,6.433333333333335,3.0,0.1,5.0,18.666666666666668,3.0,0.1,2.0,6.837348888888889,1.0,0.0666666666666666,2.0,36.766666666666666,1.0,4.866666666666666,1.0,1.7,5.0,1.0
3.8,1.0,6.433333333333335,3.0,0.1,5.0,18.666666666666668,5.0,0.1,1.0,6.837348888888889,1.0,0.0666666666666666,2.0,36.766666666666666,3.0,4.866666666666666,5.0,1.7,2.0,1.0
3.8,1.0,6.433333333333335,2.0,0.1,5.0,18.666666666666668,1.0,0.1,2.0,6.837348888888889,1.0,0.0666666666666666,1.0,36.766666666666666,5.0,4.866666666666666,1.0,1.7,2.0,1.0
3.8,5.0,6.433333333333335,4.0,0.1,1.0,18.666666666666668,3.0,0.1,5.0,6.837348888888889,3.0,0.0666666666666666,3.0,36.766666666666666,3.0,4.866666666666666,4.0,1.7,1.0,1.0
3.8,5.0,6.433333333333335,5.0,0.1,1.0,18.666666666666668,5.0,0.1,5.0,6.837348888888889,4.0,0.0666666666666666,2.0,36.766666666666666,3.0,4.866666666666666,5.0,1.7,1.0,1.0
3.8,5.0,6.433333333333335,5.0,0.1,4.0,18.666666666666668,2.0,0.1,3.0,6.837348888888889,1.0,0.0666666666666666,5.0,36.766666666666666,2.0,4.866666666666666,1.0,1.7,4.0,1.0
3.8,4.0,6.433333333333335,4.0,0.1,1.0,18.666666666666668,4.0,0.1,4.0,6.837348888888889,4.0,0.0666666666666666,5.0,36.766666666666666,2.0,4.866666666666666,2.0,1.7,5.0,1.0
3.8,3.0,6.433333333333335,3.0,0.1,2.0,18.666666666666668,4.0,0.1,4.0,6.837348888888889,1.0,0.0666666666666666,3.0,36.766666666666666,5.0,4.866666666666666,2.0,1.7,2.0,1.0
3.8,1.0,6.433333333333335,1.0,0.1,1.0,18.666666666666668,1.0,0.1,1.0,6.951237777777778,2.0,0.0666666666666666,1.0,36.766666666666666,1.0,5.133333333333333,1.0,1.7,1.0,1.0
3.8,5.0,6.433333333333335,1.0,0.1,2.0,18.666666666666668,3.0,0.1,4.0,6.951237777777778,1.0,0.0666666666666666,3.0,36.766666666666666,1.0,5.133333333333333,4.0,1.7,4.0,1.0
3.8,3.0,6.433333333333335,2.0,0.1,1.0,18.666666666666668,5.0,0.1,4.0,6.951237777777778,2.0,0.0666666666666666,3.0,36.766666666666666,4.0,5.133333333333333,4.0,1.7,3.0,1.0
3.8,2.0,6.433333333333335,4.0,0.1,4.0,18.666666666666668,3.0,0.1,1.0,6.951237777777778,3.0,0.0666666666666666,4.0,36.766666666666666,5.0,5.133333333333333,3.0,1.7,2.0,1.0
3.8,3.0,6.433333333333335,1.0,0.1,1.0,18.666666666666668,4.0,0.1,5.0,6.951237777777778,5.0,0.0666666666666666,3.0,36.766666666666666,1.0,5.133333333333333,5.0,1.7,3.0,1.0
3.8,2.0,6.433333333333335,5.0,0.1,4.0,18.666666666666668,4.0,0.1,2.0,6.951237777777778,5.0,0.0666666666666666,3.0,36.766666666666666,3.0,5.133333333333333,4.0,1.7,4.0,1.0
3.8,1.0,6.433333333333335,2.0,0.1,2.0,18.666666666666668,5.0,0.1,4.0,6.951237777777778,2.0,0.0666666666666666,4.0,36.766666666666666,4.0,5.133333333333333,2.0,1.7,3.0,1.0
3.8,5.0,6.433333333333335,3.0,0.1,1.0,18.666666666666668,4.0,0.1,3.0,6.951237777777778,3.0,0.0666666666666666,4.0,36.766666666666666,5.0,5.133333333333333,2.0,1.7,3.0,1.0
3.8,1.0,6.433333333333335,4.0,0.1,3.0,18.666666666666668,2.0,0.1,4.0,6.951237777777778,3.0,0.0666666666666666,3.0,36.766666666666666,3.0,5.133333333333333,2.0,1.7,1.0,1.0
3.8,5.0,6.433333333333335,1.0,0.1,2.0,18.666666666666668,4.0,0.1,1.0,6.951237777777778,4.0,0.0666666666666666,4.0,36.766666666666666,4.0,5.133333333333333,2.0,1.7,1.0,1.0
3.8,5.0,6.433333333333335,2.0,0.1,5.0,18.666666666666668,1.0,0.1,1.0,6.951237777777778,4.0,0.0666666666666666,5.0,36.766666666666666,5.0,5.133333333333333,4.0,1.7,2.0,1.0
3.8,1.0,6.433333333333334,1.0,0.1,1.0,18.666666666666668,1.0,0.1,1.0,7.0590866666666665,2.0,0.0666666666666666,1.0,42.7,1.0,5.133333333333333,1.0,1.7,1.0,1.0
3.8,5.0,6.433333333333334,4.0,0.1,1.0,18.666666666666668,1.0,0.1,5.0,7.0590866666666665,2.0,0.0666666666666666,4.0,42.7,1.0,5.133333333333333,2.0,1.7,2.0,1.0
3.8,2.0,6.433333333333334,4.0,0.1,5.0,18.666666666666668,5.0,0.1,4.0,7.0590866666666665,2.0,0.0666666666666666,5.0,42.7,3.0,5.133333333333333,3.0,1.7,4.0,1.0
3.8,4.0,6.433333333333334,5.0,0.1,3.0,18.666666666666668,4.0,0.1,4.0,7.0590866666666665,2.0,0.0666666666666666,2.0,42.7,4.0,5.133333333333333,1.0,1.7,2.0,1.0
3.8,4.0,6.433333333333334,5.0,0.1,3.0,18.666666666666668,2.0,0.1,3.0,7.0590866666666665,4.0,0.0666666666666666,3.0,42.7,1.0,5.133333333333333,3.0,1.7,3.0,1.0
3.8,4.0,6.433333333333334,5.0,0.1,5.0,18.666666666666668,4.0,0.1,2.0,7.0590866666666665,3.0,0.0666666666666666,1.0,42.7,5.0,5.133333333333333,5.0,1.7,5.0,1.0
3.8,2.0,6.433333333333334,2.0,0.1,5.0,18.666666666666668,3.0,0.1,4.0,7.0590866666666665,3.0,0.0666666666666666,3.0,42.7,4.0,5.133333333333333,5.0,1.7,2.0,1.0
3.8,5.0,6.433333333333334,2.0,0.1,3.0,18.666666666666668,5.0,0.1,5.0,7.0590866666666665,5.0,0.0666666666666666,2.0,42.7,5.0,5.133333333333333,5.0,1.7,5.0,1.0
3.8,1.0,6.433333333333334,4.0,0.1,5.0,18.666666666666668,4.0,0.1,2.0,7.0590866666666665,4.0,0.0666666666666666,1.0,42.7,3.0,5.133333333333333,4.0,1.7,3.0,1.0
3.8,4.0,6.433333333333334,2.0,0.1,4.0,18.666666666666668,4.0,0.1,4.0,7.0590866666666665,2.0,0.0666666666666666,2.0,42.7,2.0,5.133333333333333,3.0,1.7,3.0,1.0
3.8,2.0,6.433333333333334,3.0,0.1,2.0,18.666666666666668,2.0,0.1,4.0,7.0590866666666665,5.0,0.0666666666666666,2.0,42.7,5.0,5.133333333333333,3.0,1.7,1.0,1.0
3.9,1.0,6.433333333333334,1.0,0.3,1.0,18.666666666666668,1.0,0.1,1.0,7.066666666666666,2.0,0.0666666666666666,1.0,42.7,1.0,5.133333333333333,1.0,2.4,1.0,1.0
3.9,2.0,6.433333333333334,1.0,0.3,1.0,18.666666666666668,2.0,0.1,3.0,7.066666666666666,4.0,0.0666666666666666,1.0,42.7,5.0,5.133333333333333,2.0,2.4,1.0,1.0
3.9,4.0,6.433333333333334,4.0,0.3,4.0,18.666666666666668,1.0,0.1,1.0,7.066666666666666,2.0,0.0666666666666666,3.0,42.7,5.0,5.133333333333333,2.0,2.4,1.0,1.0
3.9,5.0,6.433333333333334,1.0,0.3,1.0,18.666666666666668,3.0,0.1,3.0,7.066666666666666,4.0,0.0666666666666666,5.0,42.7,5.0,5.133333333333333,2.0,2.4,5.0,1.0
3.9,4.0,6.433333333333334,1.0,0.3,5.0,18.666666666666668,1.0,0.1,3.0,7.066666666666666,4.0,0.0666666666666666,2.0,42.7,2.0,5.133333333333333,3.0,2.4,5.0,1.0
3.9,2.0,6.433333333333334,4.0,0.3,3.0,18.666666666666668,1.0,0.1,4.0,7.066666666666666,5.0,0.0666666666666666,3.0,42.7,1.0,5.133333333333333,1.0,2.4,3.0,1.0
3.9,3.0,6.433333333333334,3.0,0.3,2.0,18.666666666666668,3.0,0.1,2.0,7.066666666666666,4.0,0.0666666666666666,4.0,42.7,4.0,5.133333333333333,1.0,2.4,5.0,1.0
3.9,1.0,6.433333333333334,5.0,0.3,1.0,18.666666666666668,3.0,0.1,1.0,7.066666666666666,1.0,0.0666666666666666,4.0,42.7,4.0,5.133333333333333,1.0,2.4,5.0,1.0
3.9,2.0,6.433333333333334,2.0,0.3,2.0,18.666666666666668,3.0,0.1,1.0,7.066666666666666,3.0,0.0666666666666666,2.0,42.7,1.0,5.133333333333333,2.0,2.4,4.0,1.0
3.9,4.0,6.433333333333334,2.0,0.3,2.0,18.666666666666668,4.0,0.1,4.0,7.066666666666666,5.0,0.0666666666666666,5.0,42.7,5.0,5.133333333333333,5.0,2.4,3.0,1.0
3.9,2.0,6.433333333333334,2.0,0.3,2.0,18.666666666666668,4.0,0.1,4.0,7.066666666666666,5.0,0.0666666666666666,1.0,42.7,3.0,5.133333333333333,2.0,2.4,5.0,1.0
3.9,1.0,6.433333333333334,1.0,0.3,1.0,23.6,1.0,0.1,1.0,7.066666666666666,2.0,0.3,1.0,42.7,1.0,5.133333333333333,1.0,2.4,1.0,1.0
3.9,2.0,6.433333333333334,1.0,0.3,3.0,23.6,5.0,0.1,5.0,7.066666666666666,1.0,0.3,2.0,42.7,1.0,5.133333333333333,2.0,2.4,3.0,1.0
3.9,2.0,6.433333333333334,1.0,0.3,3.0,23.6,1.0,0.1,2.0,7.066666666666666,1.0,0.3,1.0,42.7,3.0,5.133333333333333,5.0,2.4,4.0,1.0
3.9,1.0,6.433333333333334,1.0,0.3,2.0,23.6,4.0,0.1,4.0,7.066666666666666,5.0,0.3,2.0,42.7,1.0,5.133333333333333,1.0,2.4,1.0,1.0
3.9,1.0,6.433333333333334,5.0,0.3,2.0,23.6,5.0,0.1,3.0,7.066666666666666,3.0,0.3,3.0,42.7,5.0,5.133333333333333,1.0,2.4,1.0,1.0
3.9,3.0,6.433333333333334,2.0,0.3,3.0,23.6,4.0,0.1,3.0,7.066666666666666,2.0,0.3,2.0,42.7,4.0,5.133333333333333,2.0,2.4,3.0,1.0
3.9,3.0,6.433333333333334,4.0,0.3,4.0,23.6,3.0,0.1,2.0,7.066666666666666,2.0,0.3,3.0,42.7,2.0,5.133333333333333,4.0,2.4,2.0,1.0
3.9,4.0,6.433333333333334,4.0,0.3,5.0,23.6,1.0,0.1,4.0,7.066666666666666,1.0,0.3,2.0,42.7,1.0,5.133333333333333,1.0,2.4,1.0,1.0
3.9,1.0,6.433333333333334,5.0,0.3,1.0,23.6,2.0,0.1,4.0,7.066666666666666,5.0,0.3,5.0,42.7,1.0,5.133333333333333,5.0,2.4,4.0,1.0
3.9,1.0,6.433333333333334,3.0,0.3,5.0,23.6,2.0,0.1,1.0,7.066666666666666,5.0,0.3,5.0,42.7,5.0,5.133333333333333,5.0,2.4,5.0,1.0
3.9,3.0,6.433333333333334,1.0,0.3,4.0,23.6,2.0,0.1,3.0,7.066666666666666,4.0,0.3,5.0,42.7,2.0,5.133333333333333,2.0,2.4,4.0,1.0
3.9,1.0,7.433333333333335,1.0,0.3,1.0,23.6,1.0,0.3,1.0,7.633333333333333,2.0,0.3,1.0,42.7,1.0,5.133333333333333,1.0,2.4,1.0,1.0
3.9,1.0,7.433333333333335,3.0,0.3,4.0,23.6,3.0,0.3,2.0,7.633333333333333,5.0,0.3,2.0,42.7,4.0,5.133333333333333,3.0,2.4,1.0,1.0
3.9,3.0,7.433333333333335,1.0,0.3,5.0,23.6,4.0,0.3,2.0,7.633333333333333,3.0,0.3,4.0,42.7,2.0,5.133333333333333,2.0,2.4,3.0,1.0
3.9,2.0,7.433333333333335,4.0,0.3,1.0,23.6,5.0,0.3,2.0,7.633333333333333,3.0,0.3,1.0,42.7,2.0,5.133333333333333,4.0,2.4,2.0,1.0
3.9,1.0,7.433333333333335,3.0,0.3,1.0,23.6,2.0,0.3,3.0,7.633333333333333,3.0,0.3,4.0,42.7,4.0,5.133333333333333,5.0,2.4,1.0,1.0
3.9,2.0,7.433333333333335,1.0,0.3,1.0,23.6,2.0,0.3,3.0,7.633333333333333,5.0,0.3,4.0,42.7,4.0,5.133333333333333,4.0,2.4,1.0,1.0
3.9,5.0,7.433333333333335,5.0,0.3,1.0,23.6,3.0,0.3,5.0,7.633333333333333,3.0,0.3,5.0,42.7,5.0,5.133333333333333,3.0,2.4,1.0,1.0
3.9,2.0,7.433333333333335,2.0,0.3,3.0,23.6,3.0,0.3,3.0,7.633333333333333,1.0,0.3,2.0,42.7,4.0,5.133333333333333,1.0,2.4,2.0,1.0
3.9,5.0,7.433333333333335,1.0,0.3,3.0,23.6,2.0,0.3,1.0,7.633333333333333,3.0,0.3,3.0,42.7,1.0,5.133333333333333,1.0,2.4,1.0,1.0
3.9,4.0,7.433333333333335,5.0,0.3,1.0,23.6,2.0,0.3,2.0,7.633333333333333,2.0,0.3,2.0,42.7,1.0,5.133333333333333,3.0,2.4,2.0,1.0
3.9,2.0,7.433333333333335,2.0,0.3,5.0,23.6,4.0,0.3,3.0,7.633333333333333,2.0,0.3,5.0,42.7,5.0,5.133333333333333,1.0,2.4,5.0,1.0
3.9,1.0,7.433333333333335,1.0,0.3,1.0,23.6,1.0,0.3,1.0,7.933333333333334,2.0,0.3,1.0,42.7,1.0,5.133333333333333,1.0,2.4,1.0,1.0
3.9,4.0,7.433333333333335,1.0,0.3,4.0,23.6,1.0,0.3,1.0,7.933333333333334,1.0,0.3,3.0,42.7,4.0,5.133333333333333,3.0,2.4,1.0,1.0
3.9,1.0,7.433333333333335,5.0,0.3,5.0,23.6,4.0,0.3,1.0,7.933333333333334,5.0,0.3,4.0,42.7,3.0,5.133333333333333,1.0,2.4,5.0,1.0
3.9,3.0,7.433333333333335,1.0,0.3,2.0,23.6,3.0,0.3,1.0,7.933333333333334,2.0,0.3,3.0,42.7,5.0,5.133333333333333,1.0,2.4,3.0,1.0
3.9,5.0,7.433333333333335,5.0,0.3,5.0,23.6,1.0,0.3,5.0,7.933333333333334,5.0,0.3,2.0,42.7,3.0,5.133333333333333,3.0,2.4,3.0,1.0
3.9,2.0,7.433333333333335,5.0,0.3,5.0,23.6,2.0,0.3,5.0,7.933333333333334,2.0,0.3,4.0,42.7,3.0,5.133333333333333,3.0,2.4,1.0,1.0
3.9,4.0,7.433333333333335,2.0,0.3,2.0,23.6,1.0,0.3,5.0,7.933333333333334,1.0,0.3,4.0,42.7,5.0,5.133333333333333,1.0,2.4,3.0,1.0
3.9,3.0,7.433333333333335,2.0,0.3,4.0,23.6,3.0,0.3,3.0,7.933333333333334,3.0,0.3,5.0,42.7,4.0,5.133333333333333,2.0,2.4,5.0,1.0
3.9,5.0,7.433333333333335,5.0,0.3,4.0,23.6,2.0,0.3,4.0,7.933333333333334,2.0,0.3,2.0,42.7,3.0,5.133333333333333,5.0,2.4,3.0,1.0
3.9,2.0,7.433333333333335,3.0,0.3,2.0,23.6,4.0,0.3,2.0,7.933333333333334,3.0,0.3,2.0,42.7,2.0,5.133333333333333,5.0,2.4,2.0,1.0
3.9,1.0,7.433333333333335,2.0,0.3,3.0,23.6,1.0,0.3,2.0,7.933333333333334,1.0,0.3,3.0,42.7,4.0,5.133333333333333,5.0,2.4,2.0,1.0
3.9,1.0,7.433333333333335,1.0,0.3,1.0,23.6,1.0,0.3,1.0,7.933333333333334,2.0,0.3,1.0,42.7,1.0,5.466666666666667,1.0,2.4,1.0,1.0
3.9,5.0,7.433333333333335,2.0,0.3,4.0,23.6,3.0,0.3,4.0,7.933333333333334,4.0,0.3,3.0,42.7,2.0,5.466666666666667,3.0,2.4,5.0,1.0
3.9,5.0,7.433333333333335,5.0,0.3,1.0,23.6,3.0,0.3,1.0,7.933333333333334,4.0,0.3,5.0,42.7,1.0,5.466666666666667,4.0,2.4,5.0,1.0
3.9,5.0,7.433333333333335,2.0,0.3,1.0,23.6,5.0,0.3,5.0,7.933333333333334,3.0,0.3,5.0,42.7,1.0,5.466666666666667,4.0,2.4,1.0,1.0
3.9,5.0,7.433333333333335,4.0,0.3,5.0,23.6,3.0,0.3,1.0,7.933333333333334,1.0,0.3,2.0,42.7,4.0,5.466666666666667,1.0,2.4,5.0,1.0
3.9,2.0,7.433333333333335,3.0,0.3,2.0,23.6,3.0,0.3,3.0,7.933333333333334,1.0,0.3,3.0,42.7,4.0,5.466666666666667,5.0,2.4,2.0,1.0
3.9,5.0,7.433333333333335,5.0,0.3,5.0,23.6,2.0,0.3,5.0,7.933333333333334,3.0,0.3,1.0,42.7,2.0,5.466666666666667,4.0,2.4,1.0,1.0
3.9,3.0,7.433333333333335,4.0,0.3,1.0,23.6,3.0,0.3,2.0,7.933333333333334,3.0,0.3,2.0,42.7,5.0,5.466666666666667,1.0,2.4,5.0,1.0
3.9,4.0,7.433333333333335,5.0,0.3,5.0,23.6,1.0,0.3,5.0,7.933333333333334,3.0,0.3,5.0,42.7,5.0,5.466666666666667,3.0,2.4,2.0,1.0
3.9,1.0,7.433333333333335,1.0,0.3,2.0,23.6,5.0,0.3,3.0,7.933333333333334,3.0,0.3,2.0,42.7,3.0,5.466666666666667,4.0,2.4,5.0,1.0
3.9,4.0,7.433333333333335,4.0,0.3,5.0,23.6,3.0,0.3,5.0,7.933333333333334,2.0,0.3,1.0,42.7,3.0,5.466666666666667,1.0,2.4,1.0,1.0
3.9,1.0,7.433333333333333,1.0,0.3,1.0,23.6,1.0,0.3,1.0,7.933333333333334,2.0,0.3,1.0,57.5,1.0,5.466666666666667,1.0,2.4,1.0,1.0
3.9,5.0,7.433333333333333,4.0,0.3,2.0,23.6,5.0,0.3,1.0,7.933333333333334,2.0,0.3,4.0,57.5,2.0,5.466666666666667,4.0,2.4,5.0,1.0
3.9,1.0,7.433333333333333,1.0,0.3,5.0,23.6,3.0,0.3,3.0,7.933333333333334,3.0,0.3,3.0,57.5,4.0,5.466666666666667,3.0,2.4,1.0,1.0
3.9,4.0,7.433333333333333,4.0,0.3,1.0,23.6,2.0,0.3,4.0,7.933333333333334,4.0,0.3,1.0,57.5,1.0,5.466666666666667,3.0,2.4,3.0,1.0
3.9,5.0,7.433333333333333,3.0,0.3,5.0,23.6,2.0,0.3,3.0,7.933333333333334,1.0,0.3,3.0,57.5,1.0,5.466666666666667,3.0,2.4,2.0,1.0
3.9,1.0,7.433333333333333,1.0,0.3,3.0,23.6,5.0,0.3,1.0,7.933333333333334,3.0,0.3,2.0,57.5,5.0,5.466666666666667,3.0,2.4,5.0,1.0
3.9,2.0,7.433333333333333,1.0,0.3,3.0,23.6,4.0,0.3,5.0,7.933333333333334,5.0,0.3,5.0,57.5,4.0,5.466666666666667,2.0,2.4,3.0,1.0
3.9,1.0,7.433333333333333,3.0,0.3,2.0,23.6,1.0,0.3,2.0,7.933333333333334,3.0,0.3,2.0,57.5,5.0,5.466666666666667,3.0,2.4,5.0,1.0
3.9,4.0,7.433333333333333,1.0,0.3,2.0,23.6,4.0,0.3,3.0,7.933333333333334,2.0,0.3,3.0,57.5,5.0,5.466666666666667,2.0,2.4,1.0,1.0
3.9,2.0,7.433333333333333,5.0,0.3,4.0,23.6,5.0,0.3,5.0,7.933333333333334,1.0,0.3,2.0,57.5,1.0,5.466666666666667,1.0,2.4,5.0,1.0
3.9,5.0,7.433333333333333,1.0,0.3,4.0,23.6,3.0,0.3,1.0,7.933333333333334,5.0,0.3,5.0,57.5,3.0,5.466666666666667,4.0,2.4,2.0,1.0
7.966666666666667,1.0,7.433333333333333,1.0,0.1333333333333333,1.0,23.6,1.0,0.3,1.0,7.933333333333334,2.0,0.3,1.0,57.5,1.0,5.466666666666667,1.0,2.833333333333333,1.0,1.0
7.966666666666667,4.0,7.433333333333333,3.0,0.1333333333333333,5.0,23.6,1.0,0.3,1.0,7.933333333333334,5.0,0.3,2.0,57.5,2.0,5.466666666666667,4.0,2.833333333333333,1.0,1.0
7.966666666666667,3.0,7.433333333333333,2.0,0.1333333333333333,1.0,23.6,5.0,0.3,1.0,7.933333333333334,1.0,0.3,4.0,57.5,5.0,5.466666666666667,1.0,2.833333333333333,4.0,1.0
7.966666666666667,3.0,7.433333333333333,5.0,0.1333333333333333,1.0,23.6,5.0,0.3,4.0,7.933333333333334,5.0,0.3,2.0,57.5,5.0,5.466666666666667,4.0,2.833333333333333,1.0,1.0
7.966666666666667,5.0,7.433333333333333,4.0,0.1333333333333333,2.0,23.6,3.0,0.3,2.0,7.933333333333334,3.0,0.3,5.0,57.5,5.0,5.466666666666667,2.0,2.833333333333333,5.0,1.0
7.966666666666667,3.0,7.433333333333333,4.0,0.1333333333333333,4.0,23.6,3.0,0.3,3.0,7.933333333333334,3.0,0.3,5.0,57.5,2.0,5.466666666666667,2.0,2.833333333333333,2.0,1.0
7.966666666666667,1.0,7.433333333333333,2.0,0.1333333333333333,1.0,23.6,1.0,0.3,4.0,7.933333333333334,1.0,0.3,3.0,57.5,4.0,5.466666666666667,4.0,2.833333333333333,3.0,1.0
7.966666666666667,1.0,7.433333333333333,5.0,0.1333333333333333,5.0,23.6,4.0,0.3,1.0,7.933333333333334,1.0,0.3,2.0,57.5,1.0,5.466666666666667,5.0,2.833333333333333,2.0,1.0
7.966666666666667,2.0,7.433333333333333,5.0,0.1333333333333333,5.0,23.6,2.0,0.3,2.0,7.933333333333334,3.0,0.3,4.0,57.5,5.0,5.466666666666667,5.0,2.833333333333333,5.0,1.0
7.966666666666667,1.0,7.433333333333333,2.0,0.1333333333333333,3.0,23.6,1.0,0.3,2.0,7.933333333333334,1.0,0.3,5.0,57.5,1.0,5.466666666666667,1.0,2.833333333333333,1.0,1.0
7.966666666666667,1.0,7.433333333333333,3.0,0.1333333333333333,2.0,23.6,5.0,0.3,2.0,7.933333333333334,3.0,0.3,4.0,57.5,4.0,5.466666666666667,4.0,2.833333333333333,2.0,1.0
7.966666666666667,1.0,7.433333333333333,1.0,0.1333333333333333,1.0,50.3,1.0,0.3,1.0,7.933333333333334,2.0,0.1666666666666666,1.0,57.5,1.0,5.466666666666667,1.0,2.833333333333333,1.0,1.0
7.966666666666667,3.0,7.433333333333333,5.0,0.1333333333333333,5.0,50.3,4.0,0.3,4.0,7.933333333333334,5.0,0.1666666666666666,4.0,57.5,5.0,5.466666666666667,1.0,2.833333333333333,2.0,1.0
7.966666666666667,1.0,7.433333333333333,1.0,0.1333333333333333,3.0,50.3,2.0,0.3,3.0,7.933333333333334,3.0,0.1666666666666666,4.0,57.5,5.0,5.466666666666667,5.0,2.833333333333333,2.0,1.0
7.966666666666667,2.0,7.433333333333333,4.0,0.1333333333333333,1.0,50.3,3.0,0.3,3.0,7.933333333333334,1.0,0.1666666666666666,4.0,57.5,2.0,5.466666666666667,1.0,2.833333333333333,4.0,1.0
7.966666666666667,1.0,7.433333333333333,4.0,0.1333333333333333,1.0,50.3,3.0,0.3,5.0,7.933333333333334,2.0,0.1666666666666666,4.0,57.5,4.0,5.466666666666667,5.0,2.833333333333333,1.0,1.0
7.966666666666667,4.0,7.433333333333333,5.0,0.1333333333333333,4.0,50.3,1.0,0.3,5.0,7.933333333333334,1.0,0.1666666666666666,3.0,57.5,3.0,5.466666666666667,3.0,2.833333333333333,3.0,1.0
7.966666666666667,1.0,7.433333333333333,3.0,0.1333333333333333,5.0,50.3,3.0,0.3,2.0,7.933333333333334,5.0,0.1666666666666666,1.0,57.5,3.0,5.466666666666667,3.0,2.833333333333333,3.0,1.0
7.966666666666667,5.0,7.433333333333333,3.0,0.1333333333333333,5.0,50.3,1.0,0.3,4.0,7.933333333333334,3.0,0.1666666666666666,2.0,57.5,2.0,5.466666666666667,4.0,2.833333333333333,4.0,1.0
7.966666666666667,4.0,7.433333333333333,1.0,0.1333333333333333,3.0,50.3,5.0,0.3,1.0,7.933333333333334,3.0,0.1666666666666666,3.0,57.5,5.0,5.466666666666667,2.0,2.833333333333333,3.0,1.0
7.966666666666667,4.0,7.433333333333333,1.0,0.1333333333333333,5.0,50.3,5.0,0.3,4.0,7.933333333333334,4.0,0.1666666666666666,4.0,57.5,4.0,5.466666666666667,5.0,2.833333333333333,3.0,1.0
7.966666666666667,3.0,7.433333333333333,4.0,0.1333333333333333,1.0,50.3,5.0,0.3,4.0,7.933333333333334,4.0,0.1666666666666666,2.0,57.5,2.0,5.466666666666667,3.0,2.833333333333333,4.0,1.0
7.966666666666667,1.0,18.06666666666667,1.0,0.1333333333333333,1.0,50.3,1.0,0.1333333333333333,1.0,11.9,2.0,0.1666666666666666,1.0,57.5,1.0,5.466666666666667,1.0,2.833333333333333,1.0,1.0
7.966666666666667,4.0,18.06666666666667,4.0,0.1333333333333333,5.0,50.3,5.0,0.1333333333333333,4.0,11.9,2.0,0.1666666666666666,3.0,57.5,3.0,5.466666666666667,4.0,2.833333333333333,5.0,1.0
7.966666666666667,2.0,18.06666666666667,3.0,0.1333333333333333,1.0,50.3,4.0,0.1333333333333333,3.0,11.9,3.0,0.1666666666666666,3.0,57.5,2.0,5.466666666666667,3.0,2.833333333333333,4.0,1.0
7.966666666666667,2.0,18.06666666666667,1.0,0.1333333333333333,2.0,50.3,1.0,0.1333333333333333,2.0,11.9,4.0,0.1666666666666666,1.0,57.5,4.0,5.466666666666667,2.0,2.833333333333333,5.0,1.0
7.966666666666667,4.0,18.06666666666667,2.0,0.1333333333333333,3.0,50.3,1.0,0.1333333333333333,1.0,11.9,5.0,0.1666666666666666,5.0,57.5,1.0,5.466666666666667,2.0,2.833333333333333,1.0,1.0
7.966666666666667,2.0,18.06666666666667,2.0,0.1333333333333333,2.0,50.3,3.0,0.1333333333333333,1.0,11.9,5.0,0.1666666666666666,4.0,57.5,4.0,5.466666666666667,1.0,2.833333333333333,4.0,1.0
7.966666666666667,5.0,18.06666666666667,1.0,0.1333333333333333,4.0,50.3,2.0,0.1333333333333333,4.0,11.9,3.0,0.1666666666666666,5.0,57.5,1.0,5.466666666666667,2.0,2.833333333333333,2.0,1.0
7.966666666666667,2.0,18.06666666666667,2.0,0.1333333333333333,2.0,50.3,1.0,0.1333333333333333,4.0,11.9,3.0,0.1666666666666666,5.0,57.5,4.0,5.466666666666667,1.0,2.833333333333333,1.0,1.0
7.966666666666667,3.0,18.06666666666667,3.0,0.1333333333333333,2.0,50.3,4.0,0.1333333333333333,3.0,11.9,4.0,0.1666666666666666,1.0,57.5,5.0,5.466666666666667,2.0,2.833333333333333,3.0,1.0
7.966666666666667,3.0,18.06666666666667,5.0,0.1333333333333333,2.0,50.3,2.0,0.1333333333333333,2.0,11.9,2.0,0.1666666666666666,1.0,57.5,1.0,5.466666666666667,2.0,2.833333333333333,3.0,1.0
7.966666666666667,2.0,18.06666666666667,2.0,0.1333333333333333,4.0,50.3,2.0,0.1333333333333333,5.0,11.9,4.0,0.1666666666666666,1.0,57.5,2.0,5.466666666666667,1.0,2.833333333333333,2.0,1.0
7.966666666666667,1.0,18.06666666666667,1.0,0.1333333333333333,1.0,50.3,1.0,0.1333333333333333,1.0,11.366666666666667,2.0,0.1666666666666666,1.0,57.5,1.0,5.466666666666667,1.0,2.833333333333333,1.0,1.0
7.966666666666667,2.0,18.06666666666667,1.0,0.1333333333333333,1.0,50.3,3.0,0.1333333333333333,4.0,11.366666666666667,2.0,0.1666666666666666,5.0,57.5,2.0,5.466666666666667,5.0,2.833333333333333,2.0,1.0
7.966666666666667,3.0,18.06666666666667,4.0,0.1333333333333333,1.0,50.3,5.0,0.1333333333333333,2.0,11.366666666666667,3.0,0.1666666666666666,4.0,57.5,4.0,5.466666666666667,1.0,2.833333333333333,5.0,1.0
7.966666666666667,4.0,18.06666666666667,5.0,0.1333333333333333,3.0,50.3,4.0,0.1333333333333333,3.0,11.366666666666667,5.0,0.1666666666666666,5.0,57.5,5.0,5.466666666666667,3.0,2.833333333333333,4.0,1.0
7.966666666666667,2.0,18.06666666666667,3.0,0.1333333333333333,4.0,50.3,1.0,0.1333333333333333,4.0,11.366666666666667,1.0,0.1666666666666666,3.0,57.5,3.0,5.466666666666667,3.0,2.833333333333333,3.0,1.0
7.966666666666667,3.0,18.06666666666667,3.0,0.1333333333333333,3.0,50.3,3.0,0.1333333333333333,4.0,11.366666666666667,3.0,0.1666666666666666,4.0,57.5,5.0,5.466666666666667,5.0,2.833333333333333,1.0,1.0
7.966666666666667,4.0,18.06666666666667,2.0,0.1333333333333333,1.0,50.3,4.0,0.1333333333333333,1.0,11.366666666666667,5.0,0.1666666666666666,4.0,57.5,5.0,5.466666666666667,4.0,2.833333333333333,5.0,1.0
7.966666666666667,1.0,18.06666666666667,5.0,0.1333333333333333,1.0,50.3,2.0,0.1333333333333333,1.0,11.366666666666667,3.0,0.1666666666666666,4.0,57.5,2.0,5.466666666666667,5.0,2.833333333333333,4.0,1.0
7.966666666666667,4.0,18.06666666666667,5.0,0.1333333333333333,3.0,50.3,2.0,0.1333333333333333,5.0,11.366666666666667,3.0,0.1666666666666666,4.0,57.5,2.0,5.466666666666667,2.0,2.833333333333333,1.0,1.0
7.966666666666667,2.0,18.06666666666667,1.0,0.1333333333333333,4.0,50.3,1.0,0.1333333333333333,4.0,11.366666666666667,5.0,0.1666666666666666,4.0,57.5,3.0,5.466666666666667,1.0,2.833333333333333,5.0,1.0
7.966666666666667,1.0,18.06666666666667,4.0,0.1333333333333333,4.0,50.3,1.0,0.1333333333333333,4.0,11.366666666666667,1.0,0.1666666666666666,2.0,57.5,5.0,5.466666666666667,5.0,2.833333333333333,2.0,1.0
7.966666666666667,1.0,18.06666666666667,1.0,0.1333333333333333,1.0,50.3,2.0,0.1333333333333333,1.0,11.366666666666667,5.0,0.1666666666666666,1.0,57.5,2.0,16.066666666666666,1.0,2.833333333333333,1.0,1.0
7.966666666666667,5.0,18.06666666666667,5.0,0.1333333333333333,4.0,50.3,1.0,0.1333333333333333,2.0,11.366666666666667,4.0,0.1666666666666666,5.0,57.5,5.0,16.066666666666666,3.0,2.833333333333333,2.0,1.0
7.966666666666667,5.0,18.06666666666667,2.0,0.1333333333333333,2.0,50.3,5.0,0.1333333333333333,3.0,11.366666666666667,2.0,0.1666666666666666,1.0,57.5,3.0,16.066666666666666,5.0,2.833333333333333,3.0,1.0
7.966666666666667,4.0,18.06666666666667,2.0,0.1333333333333333,4.0,50.3,4.0,0.1333333333333333,4.0,11.366666666666667,4.0,0.1666666666666666,3.0,57.5,2.0,16.066666666666666,4.0,2.833333333333333,5.0,1.0
7.966666666666667,5.0,18.06666666666667,2.0,0.1333333333333333,4.0,50.3,1.0,0.1333333333333333,3.0,11.366666666666667,3.0,0.1666666666666666,2.0,57.5,5.0,16.066666666666666,5.0,2.833333333333333,1.0,1.0
7.966666666666667,2.0,18.06666666666667,2.0,0.1333333333333333,5.0,50.3,3.0,0.1333333333333333,4.0,11.366666666666667,5.0,0.1666666666666666,4.0,57.5,1.0,16.066666666666666,1.0,2.833333333333333,2.0,1.0
7.966666666666667,2.0,18.06666666666667,4.0,0.1333333333333333,1.0,50.3,2.0,0.1333333333333333,2.0,11.366666666666667,1.0,0.1666666666666666,1.0,57.5,1.0,16.066666666666666,3.0,2.833333333333333,3.0,1.0
7.966666666666667,3.0,18.06666666666667,3.0,0.1333333333333333,4.0,50.3,5.0,0.1333333333333333,3.0,11.366666666666667,4.0,0.1666666666666666,4.0,57.5,4.0,16.066666666666666,1.0,2.833333333333333,5.0,1.0
7.966666666666667,1.0,18.06666666666667,3.0,0.1333333333333333,4.0,50.3,3.0,0.1333333333333333,2.0,11.366666666666667,5.0,0.1666666666666666,1.0,57.5,2.0,16.066666666666666,5.0,2.833333333333333,4.0,1.0
7.966666666666667,1.0,18.06666666666667,4.0,0.1333333333333333,5.0,50.3,1.0,0.1333333333333333,3.0,11.366666666666667,3.0,0.1666666666666666,1.0,57.5,2.0,16.066666666666666,1.0,2.833333333333333,1.0,1.0
7.966666666666667,3.0,18.06666666666667,3.0,0.1333333333333333,2.0,50.3,2.0,0.1333333333333333,1.0,11.366666666666667,4.0,0.1666666666666666,2.0,57.5,5.0,16.066666666666666,3.0,2.833333333333333,5.0,1.0
7.966666666666667,1.0,18.066666666666663,1.0,0.1333333333333333,1.0,50.3,2.0,0.1333333333333333,1.0,11.366666666666667,5.0,0.1666666666666666,1.0,107.26666666666668,2.0,16.066666666666666,1.0,2.833333333333333,1.0,1.0
7.966666666666667,4.0,18.066666666666663,2.0,0.1333333333333333,4.0,50.3,2.0,0.1333333333333333,1.0,11.366666666666667,2.0,0.1666666666666666,2.0,107.26666666666668,1.0,16.066666666666666,1.0,2.833333333333333,5.0,1.0
7.966666666666667,3.0,18.066666666666663,3.0,0.1333333333333333,5.0,50.3,2.0,0.1333333333333333,3.0,11.366666666666667,5.0,0.1666666666666666,4.0,107.26666666666668,2.0,16.066666666666666,2.0,2.833333333333333,1.0,1.0
7.966666666666667,1.0,18.066666666666663,1.0,0.1333333333333333,4.0,50.3,4.0,0.1333333333333333,3.0,11.366666666666667,4.0,0.1666666666666666,1.0,107.26666666666668,2.0,16.066666666666666,2.0,2.833333333333333,5.0,1.0
7.966666666666667,4.0,18.066666666666663,5.0,0.1333333333333333,2.0,50.3,5.0,0.1333333333333333,1.0,11.366666666666667,2.0,0.1666666666666666,3.0,107.26666666666668,1.0,16.066666666666666,5.0,2.833333333333333,5.0,1.0
7.966666666666667,3.0,18.066666666666663,2.0,0.1333333333333333,1.0,50.3,4.0,0.1333333333333333,3.0,11.366666666666667,4.0,0.1666666666666666,4.0,107.26666666666668,1.0,16.066666666666666,1.0,2.833333333333333,4.0,1.0
7.966666666666667,1.0,18.066666666666663,5.0,0.1333333333333333,1.0,50.3,4.0,0.1333333333333333,5.0,11.366666666666667,3.0,0.1666666666666666,1.0,107.26666666666668,5.0,16.066666666666666,1.0,2.833333333333333,3.0,1.0
7.966666666666667,5.0,18.066666666666663,4.0,0.1333333333333333,1.0,50.3,5.0,0.1333333333333333,1.0,11.366666666666667,4.0,0.1666666666666666,4.0,107.26666666666668,2.0,16.066666666666666,3.0,2.833333333333333,1.0,1.0
7.966666666666667,5.0,18.066666666666663,2.0,0.1333333333333333,2.0,50.3,3.0,0.1333333333333333,4.0,11.366666666666667,3.0,0.1666666666666666,3.0,107.26666666666668,3.0,16.066666666666666,5.0,2.833333333333333,2.0,1.0
7.966666666666667,5.0,18.066666666666663,4.0,0.1333333333333333,5.0,50.3,5.0,0.1333333333333333,4.0,11.366666666666667,2.0,0.1666666666666666,4.0,107.26666666666668,4.0,16.066666666666666,2.0,2.833333333333333,4.0,1.0
7.966666666666667,2.0,18.066666666666663,3.0,0.1333333333333333,4.0,50.3,1.0,0.1333333333333333,2.0,11.366666666666667,4.0,0.1666666666666666,3.0,107.26666666666668,5.0,16.066666666666666,1.0,2.833333333333333,4.0,1.0
14.2,1.0,18.066666666666663,1.0,0.0666666666666666,1.0,50.3,2.0,0.1333333333333333,1.0,11.366666666666667,5.0,0.1666666666666666,1.0,107.26666666666668,2.0,16.066666666666666,1.0,5.3,1.0,1.0
14.2,5.0,18.066666666666663,5.0,0.0666666666666666,1.0,50.3,5.0,0.1333333333333333,2.0,11.366666666666667,2.0,0.1666666666666666,2.0,107.26666666666668,4.0,16.066666666666666,4.0,5.3,3.0,1.0
14.2,1.0,18.066666666666663,5.0,0.0666666666666666,2.0,50.3,1.0,0.1333333333333333,3.0,11.366666666666667,3.0,0.1666666666666666,4.0,107.26666666666668,5.0,16.066666666666666,1.0,5.3,2.0,1.0
14.2,3.0,18.066666666666663,4.0,0.0666666666666666,4.0,50.3,2.0,0.1333333333333333,4.0,11.366666666666667,5.0,0.1666666666666666,3.0,107.26666666666668,5.0,16.066666666666666,4.0,5.3,2.0,1.0
14.2,2.0,18.066666666666663,4.0,0.0666666666666666,2.0,50.3,2.0,0.1333333333333333,2.0,11.366666666666667,4.0,0.1666666666666666,2.0,107.26666666666668,4.0,16.066666666666666,5.0,5.3,5.0,1.0
14.2,5.0,18.066666666666663,1.0,0.0666666666666666,3.0,50.3,2.0,0.1333333333333333,5.0,11.366666666666667,4.0,0.1666666666666666,2.0,107.26666666666668,3.0,16.066666666666666,4.0,5.3,3.0,1.0
14.2,3.0,18.066666666666663,1.0,0.0666666666666666,3.0,50.3,2.0,0.1333333333333333,5.0,11.366666666666667,5.0,0.1666666666666666,4.0,107.26666666666668,1.0,16.066666666666666,5.0,5.3,2.0,1.0
14.2,3.0,18.066666666666663,5.0,0.0666666666666666,5.0,50.3,1.0,0.1333333333333333,2.0,11.366666666666667,4.0,0.1666666666666666,3.0,107.26666666666668,2.0,16.066666666666666,3.0,5.3,5.0,1.0
14.2,2.0,18.066666666666663,4.0,0.0666666666666666,4.0,50.3,5.0,0.1333333333333333,2.0,11.366666666666667,2.0,0.1666666666666666,3.0,107.26666666666668,3.0,16.066666666666666,3.0,5.3,4.0,1.0
14.2,4.0,18.066666666666663,2.0,0.0666666666666666,4.0,50.3,2.0,0.1333333333333333,3.0,11.366666666666667,1.0,0.1666666666666666,2.0,107.26666666666668,5.0,16.066666666666666,3.0,5.3,4.0,1.0
14.2,1.0,18.066666666666663,4.0,0.0666666666666666,2.0,50.3,4.0,0.1333333333333333,5.0,11.366666666666667,3.0,0.1666666666666666,1.0,107.26666666666668,3.0,16.066666666666666,1.0,5.3,3.0,1.0
14.2,1.0,18.066666666666663,1.0,0.0666666666666666,1.0,49.03333333333333,2.0,0.1333333333333333,1.0,11.366666666666667,5.0,0.0333333333333333,1.0,107.26666666666668,2.0,16.066666666666666,1.0,5.3,1.0,1.0
14.2,1.0,18.066666666666663,4.0,0.0666666666666666,2.0,49.03333333333333,2.0,0.1333333333333333,1.0,11.366666666666667,5.0,0.0333333333333333,5.0,107.26666666666668,5.0,16.066666666666666,1.0,5.3,2.0,1.0
14.2,5.0,18.066666666666663,3.0,0.0666666666666666,1.0,49.03333333333333,1.0,0.1333333333333333,2.0,11.366666666666667,5.0,0.0333333333333333,1.0,107.26666666666668,5.0,16.066666666666666,4.0,5.3,5.0,1.0
14.2,5.0,18.066666666666663,2.0,0.0666666666666666,5.0,49.03333333333333,1.0,0.1333333333333333,2.0,11.366666666666667,2.0,0.0333333333333333,1.0,107.26666666666668,1.0,16.066666666666666,1.0,5.3,1.0,1.0
14.2,2.0,18.066666666666663,1.0,0.0666666666666666,1.0,49.03333333333333,5.0,0.1333333333333333,1.0,11.366666666666667,1.0,0.0333333333333333,1.0,107.26666666666668,1.0,16.066666666666666,3.0,5.3,5.0,1.0
14.2,4.0,18.066666666666663,3.0,0.0666666666666666,1.0,49.03333333333333,4.0,0.1333333333333333,1.0,11.366666666666667,4.0,0.0333333333333333,3.0,107.26666666666668,5.0,16.066666666666666,2.0,5.3,4.0,1.0
14.2,3.0,18.066666666666663,3.0,0.0666666666666666,5.0,49.03333333333333,4.0,0.1333333333333333,3.0,11.366666666666667,3.0,0.0333333333333333,4.0,107.26666666666668,2.0,16.066666666666666,1.0,5.3,3.0,1.0
14.2,1.0,18.066666666666663,1.0,0.0666666666666666,3.0,49.03333333333333,4.0,0.1333333333333333,4.0,11.366666666666667,2.0,0.0333333333333333,3.0,107.26666666666668,1.0,16.066666666666666,4.0,5.3,2.0,1.0
14.2,4.0,18.066666666666663,5.0,0.0666666666666666,4.0,49.03333333333333,2.0,0.1333333333333333,5.0,11.366666666666667,4.0,0.0333333333333333,4.0,107.26666666666668,5.0,16.066666666666666,5.0,5.3,1.0,1.0
14.2,5.0,18.066666666666663,4.0,0.0666666666666666,2.0,49.03333333333333,2.0,0.1333333333333333,4.0,11.366666666666667,2.0,0.0333333333333333,3.0,107.26666666666668,4.0,16.066666666666666,4.0,5.3,5.0,1.0
14.2,1.0,18.066666666666663,2.0,0.0666666666666666,5.0,49.03333333333333,3.0,0.1333333333333333,2.0,11.366666666666667,2.0,0.0333333333333333,2.0,107.26666666666668,3.0,16.066666666666666,2.0,5.3,4.0,1.0
14.2,1.0,22.76666666666667,1.0,0.0666666666666666,1.0,49.03333333333333,2.0,0.0333333333333333,1.0,14.633333333333336,5.0,0.0333333333333333,1.0,107.26666666666668,2.0,16.066666666666666,1.0,5.3,1.0,1.0
14.2,3.0,22.76666666666667,4.0,0.0666666666666666,1.0,49.03333333333333,4.0,0.0333333333333333,5.0,14.633333333333336,1.0,0.0333333333333333,2.0,107.26666666666668,4.0,16.066666666666666,4.0,5.3,4.0,1.0
14.2,3.0,22.76666666666667,4.0,0.0666666666666666,4.0,49.03333333333333,1.0,0.0333333333333333,4.0,14.633333333333336,3.0,0.0333333333333333,1.0,107.26666666666668,3.0,16.066666666666666,3.0,5.3,1.0,1.0
14.2,5.0,22.76666666666667,2.0,0.0666666666666666,2.0,49.03333333333333,3.0,0.0333333333333333,5.0,14.633333333333336,4.0,0.0333333333333333,4.0,107.26666666666668,2.0,16.066666666666666,5.0,5.3,5.0,1.0
14.2,3.0,22.76666666666667,3.0,0.0666666666666666,1.0,49.03333333333333,4.0,0.0333333333333333,5.0,14.633333333333336,3.0,0.0333333333333333,3.0,107.26666666666668,3.0,16.066666666666666,1.0,5.3,4.0,1.0
14.2,4.0,22.76666666666667,5.0,0.0666666666666666,5.0,49.03333333333333,3.0,0.0333333333333333,5.0,14.633333333333336,3.0,0.0333333333333333,4.0,107.26666666666668,4.0,16.066666666666666,5.0,5.3,4.0,1.0
14.2,1.0,22.76666666666667,1.0,0.0666666666666666,3.0,49.03333333333333,3.0,0.0333333333333333,4.0,14.633333333333336,3.0,0.0333333333333333,3.0,107.26666666666668,5.0,16.066666666666666,2.0,5.3,3.0,1.0
14.2,3.0,22.76666666666667,3.0,0.0666666666666666,5.0,49.03333333333333,5.0,0.0333333333333333,3.0,14.633333333333336,3.0,0.0333333333333333,3.0,107.26666666666668,1.0,16.066666666666666,3.0,5.3,2.0,1.0
14.2,1.0,22.76666666666667,1.0,0.0666666666666666,3.0,49.03333333333333,1.0,0.0333333333333333,4.0,14.633333333333336,3.0,0.0333333333333333,2.0,107.26666666666668,4.0,16.066666666666666,3.0,5.3,4.0,1.0
14.2,4.0,22.76666666666667,1.0,0.0666666666666666,2.0,49.03333333333333,3.0,0.0333333333333333,5.0,14.633333333333336,1.0,0.0333333333333333,1.0,107.26666666666668,5.0,16.066666666666666,5.0,5.3,1.0,1.0
14.2,3.0,22.76666666666667,4.0,0.0666666666666666,1.0,49.03333333333333,2.0,0.0333333333333333,2.0,14.633333333333336,4.0,0.0333333333333333,2.0,107.26666666666668,3.0,16.066666666666666,2.0,5.3,4.0,1.0
14.2,1.0,22.76666666666667,1.0,0.0666666666666666,1.0,49.03333333333333,2.0,0.0333333333333333,1.0,23.852846666666668,5.0,0.0333333333333333,1.0,107.26666666666668,2.0,16.066666666666666,1.0,5.3,1.0,1.0
14.2,1.0,22.76666666666667,2.0,0.0666666666666666,2.0,49.03333333333333,5.0,0.0333333333333333,5.0,23.852846666666668,3.0,0.0333333333333333,1.0,107.26666666666668,4.0,16.066666666666666,3.0,5.3,5.0,1.0
14.2,2.0,22.76666666666667,5.0,0.0666666666666666,5.0,49.03333333333333,2.0,0.0333333333333333,4.0,23.852846666666668,2.0,0.0333333333333333,2.0,107.26666666666668,2.0,16.066666666666666,4.0,5.3,2.0,1.0
14.2,4.0,22.76666666666667,3.0,0.0666666666666666,4.0,49.03333333333333,5.0,0.0333333333333333,1.0,23.852846666666668,5.0,0.0333333333333333,1.0,107.26666666666668,3.0,16.066666666666666,2.0,5.3,4.0,1.0
14.2,4.0,22.76666666666667,5.0,0.0666666666666666,3.0,49.03333333333333,5.0,0.0333333333333333,2.0,23.852846666666668,2.0,0.0333333333333333,2.0,107.26666666666668,3.0,16.066666666666666,4.0,5.3,5.0,1.0
14.2,2.0,22.76666666666667,2.0,0.0666666666666666,5.0,49.03333333333333,3.0,0.0333333333333333,2.0,23.852846666666668,5.0,0.0333333333333333,3.0,107.26666666666668,5.0,16.066666666666666,5.0,5.3,5.0,1.0
14.2,3.0,22.76666666666667,4.0,0.0666666666666666,5.0,49.03333333333333,2.0,0.0333333333333333,1.0,23.852846666666668,2.0,0.0333333333333333,4.0,107.26666666666668,3.0,16.066666666666666,1.0,5.3,3.0,1.0
14.2,1.0,22.76666666666667,3.0,0.0666666666666666,3.0,49.03333333333333,4.0,0.0333333333333333,3.0,23.852846666666668,3.0,0.0333333333333333,4.0,107.26666666666668,4.0,16.066666666666666,5.0,5.3,2.0,1.0
14.2,3.0,22.76666666666667,2.0,0.0666666666666666,3.0,49.03333333333333,1.0,0.0333333333333333,3.0,23.852846666666668,1.0,0.0333333333333333,3.0,107.26666666666668,5.0,16.066666666666666,5.0,5.3,3.0,1.0
14.2,1.0,22.76666666666667,2.0,0.0666666666666666,1.0,49.03333333333333,4.0,0.0333333333333333,5.0,23.852846666666668,3.0,0.0333333333333333,1.0,107.26666666666668,1.0,16.066666666666666,5.0,5.3,2.0,1.0
14.2,1.0,22.76666666666667,1.0,0.0666666666666666,2.0,49.03333333333333,4.0,0.0333333333333333,5.0,23.852846666666668,2.0,0.0333333333333333,4.0,107.26666666666668,1.0,16.066666666666666,1.0,5.3,1.0,1.0
14.2,1.0,22.76666666666667,1.0,0.0666666666666666,1.0,49.03333333333333,3.0,0.0333333333333333,1.0,24.266666666666666,5.0,0.0333333333333333,1.0,107.26666666666668,3.0,17.666666666666668,1.0,5.3,1.0,1.0
14.2,5.0,22.76666666666667,3.0,0.0666666666666666,5.0,49.03333333333333,1.0,0.0333333333333333,1.0,24.266666666666666,5.0,0.0333333333333333,1.0,107.26666666666668,1.0,17.666666666666668,3.0,5.3,4.0,1.0
14.2,2.0,22.76666666666667,3.0,0.0666666666666666,4.0,49.03333333333333,3.0,0.0333333333333333,2.0,24.266666666666666,1.0,0.0333333333333333,3.0,107.26666666666668,5.0,17.666666666666668,4.0,5.3,5.0,1.0
14.2,1.0,22.76666666666667,1.0,0.0666666666666666,3.0,49.03333333333333,1.0,0.0333333333333333,3.0,24.266666666666666,5.0,0.0333333333333333,2.0,107.26666666666668,3.0,17.666666666666668,4.0,5.3,1.0,1.0
14.2,5.0,22.76666666666667,2.0,0.0666666666666666,5.0,49.03333333333333,4.0,0.0333333333333333,1.0,24.266666666666666,4.0,0.0333333333333333,1.0,107.26666666666668,3.0,17.666666666666668,5.0,5.3,5.0,1.0
14.2,5.0,22.76666666666667,3.0,0.0666666666666666,3.0,49.03333333333333,2.0,0.0333333333333333,5.0,24.266666666666666,3.0,0.0333333333333333,4.0,107.26666666666668,2.0,17.666666666666668,4.0,5.3,2.0,1.0
14.2,4.0,22.76666666666667,1.0,0.0666666666666666,1.0,49.03333333333333,2.0,0.0333333333333333,3.0,24.266666666666666,4.0,0.0333333333333333,2.0,107.26666666666668,1.0,17.666666666666668,2.0,5.3,3.0,1.0
14.2,3.0,22.76666666666667,4.0,0.0666666666666666,2.0,49.03333333333333,4.0,0.0333333333333333,4.0,24.266666666666666,4.0,0.0333333333333333,3.0,107.26666666666668,5.0,17.666666666666668,2.0,5.3,4.0,1.0
14.2,1.0,22.76666666666667,1.0,0.0666666666666666,5.0,49.03333333333333,3.0,0.0333333333333333,4.0,24.266666666666666,4.0,0.0333333333333333,4.0,107.26666666666668,2.0,17.666666666666668,1.0,5.3,1.0,1.0
14.2,5.0,22.76666666666667,2.0,0.0666666666666666,3.0,49.03333333333333,3.0,0.0333333333333333,1.0,24.266666666666666,3.0,0.0333333333333333,1.0,107.26666666666668,1.0,17.666666666666668,1.0,5.3,5.0,1.0
14.2,3.0,22.76666666666667,5.0,0.0666666666666666,3.0,49.03333333333333,2.0,0.0333333333333333,4.0,24.266666666666666,5.0,0.0333333333333333,3.0,107.26666666666668,1.0,17.666666666666668,2.0,5.3,5.0,1.0
14.2,1.0,22.766666666666666,1.0,0.0666666666666666,1.0,49.03333333333333,3.0,0.0333333333333333,1.0,24.266666666666666,5.0,0.0333333333333333,1.0,56.56666666666666,3.0,17.666666666666668,1.0,5.3,1.0,1.0
14.2,3.0,22.766666666666666,5.0,0.0666666666666666,3.0,49.03333333333333,1.0,0.0333333333333333,5.0,24.266666666666666,4.0,0.0333333333333333,4.0,56.56666666666666,5.0,17.666666666666668,1.0,5.3,5.0,1.0
14.2,2.0,22.766666666666666,5.0,0.0666666666666666,1.0,49.03333333333333,3.0,0.0333333333333333,4.0,24.266666666666666,1.0,0.0333333333333333,1.0,56.56666666666666,5.0,17.666666666666668,1.0,5.3,4.0,1.0
14.2,5.0,22.766666666666666,4.0,0.0666666666666666,3.0,49.03333333333333,3.0,0.0333333333333333,4.0,24.266666666666666,3.0,0.0333333333333333,3.0,56.56666666666666,1.0,17.666666666666668,4.0,5.3,4.0,1.0
14.2,4.0,22.766666666666666,1.0,0.0666666666666666,4.0,49.03333333333333,4.0,0.0333333333333333,1.0,24.266666666666666,5.0,0.0333333333333333,3.0,56.56666666666666,3.0,17.666666666666668,4.0,5.3,3.0,1.0
14.2,3.0,22.766666666666666,2.0,0.0666666666666666,5.0,49.03333333333333,5.0,0.0333333333333333,1.0,24.266666666666666,4.0,0.0333333333333333,1.0,56.56666666666666,2.0,17.666666666666668,5.0,5.3,1.0,1.0
14.2,2.0,22.766666666666666,2.0,0.0666666666666666,4.0,49.03333333333333,3.0,0.0333333333333333,3.0,24.266666666666666,5.0,0.0333333333333333,3.0,56.56666666666666,4.0,17.666666666666668,1.0,5.3,2.0,1.0
14.2,5.0,22.766666666666666,5.0,0.0666666666666666,4.0,49.03333333333333,2.0,0.0333333333333333,1.0,24.266666666666666,5.0,0.0333333333333333,4.0,56.56666666666666,2.0,17.666666666666668,3.0,5.3,4.0,1.0
14.2,3.0,22.766666666666666,5.0,0.0666666666666666,1.0,49.03333333333333,2.0,0.0333333333333333,1.0,24.266666666666666,4.0,0.0333333333333333,4.0,56.56666666666666,5.0,17.666666666666668,3.0,5.3,1.0,1.0
14.2,3.0,22.766666666666666,1.0,0.0666666666666666,4.0,49.03333333333333,4.0,0.0333333333333333,5.0,24.266666666666666,2.0,0.0333333333333333,2.0,56.56666666666666,1.0,17.666666666666668,3.0,5.3,3.0,1.0
14.2,4.0,22.766666666666666,4.0,0.0666666666666666,1.0,49.03333333333333,2.0,0.0333333333333333,3.0,24.266666666666666,2.0,0.0333333333333333,1.0,56.56666666666666,5.0,17.666666666666668,4.0,5.3,3.0,1.0
13.7,1.0,22.766666666666666,1.0,0.0,1.0,49.03333333333333,3.0,0.0333333333333333,1.0,24.722049444444444,5.0,0.0333333333333333,1.0,56.56666666666666,3.0,17.666666666666668,1.0,6.066666666666666,1.0,1.0
13.7,2.0,22.766666666666666,5.0,0.0,1.0,49.03333333333333,3.0,0.0333333333333333,5.0,24.722049444444444,5.0,0.0333333333333333,2.0,56.56666666666666,4.0,17.666666666666668,1.0,6.066666666666666,1.0,1.0
13.7,2.0,22.766666666666666,5.0,0.0,4.0,49.03333333333333,3.0,0.0333333333333333,2.0,24.722049444444444,1.0,0.0333333333333333,2.0,56.56666666666666,1.0,17.666666666666668,1.0,6.066666666666666,4.0,1.0
13.7,1.0,22.766666666666666,1.0,0.0,3.0,49.03333333333333,2.0,0.0333333333333333,3.0,24.722049444444444,1.0,0.0333333333333333,2.0,56.56666666666666,3.0,17.666666666666668,4.0,6.066666666666666,3.0,1.0
13.7,3.0,22.766666666666666,3.0,0.0,2.0,49.03333333333333,2.0,0.0333333333333333,3.0,24.722049444444444,1.0,0.0333333333333333,4.0,56.56666666666666,4.0,17.666666666666668,2.0,6.066666666666666,2.0,1.0
13.7,2.0,22.766666666666666,4.0,0.0,4.0,49.03333333333333,1.0,0.0333333333333333,3.0,24.722049444444444,1.0,0.0333333333333333,3.0,56.56666666666666,2.0,17.666666666666668,2.0,6.066666666666666,3.0,1.0
13.7,2.0,22.766666666666666,2.0,0.0,4.0,49.03333333333333,5.0,0.0333333333333333,1.0,24.722049444444444,2.0,0.0333333333333333,5.0,56.56666666666666,3.0,17.666666666666668,2.0,6.066666666666666,3.0,1.0
13.7,1.0,22.766666666666666,1.0,0.0,4.0,49.03333333333333,3.0,0.0333333333333333,4.0,24.722049444444444,2.0,0.0333333333333333,5.0,56.56666666666666,3.0,17.666666666666668,4.0,6.066666666666666,1.0,1.0
13.7,1.0,22.766666666666666,4.0,0.0,5.0,49.03333333333333,5.0,0.0333333333333333,2.0,24.722049444444444,1.0,0.0333333333333333,5.0,56.56666666666666,4.0,17.666666666666668,2.0,6.066666666666666,4.0,1.0
13.7,5.0,22.766666666666666,2.0,0.0,4.0,49.03333333333333,4.0,0.0333333333333333,3.0,24.722049444444444,4.0,0.0333333333333333,2.0,56.56666666666666,5.0,17.666666666666668,5.0,6.066666666666666,5.0,1.0
13.7,4.0,22.766666666666666,1.0,0.0,2.0,49.03333333333333,3.0,0.0333333333333333,5.0,24.722049444444444,3.0,0.0333333333333333,3.0,56.56666666666666,1.0,17.666666666666668,4.0,6.066666666666666,2.0,1.0
13.7,1.0,22.766666666666666,1.0,0.0,1.0,38.2,3.0,0.0333333333333333,1.0,24.75816055555556,5.0,0.0333333333333333,1.0,56.56666666666666,3.0,17.666666666666668,1.0,6.066666666666666,1.0,1.0
13.7,1.0,22.766666666666666,5.0,0.0,1.0,38.2,1.0,0.0333333333333333,1.0,24.75816055555556,3.0,0.0333333333333333,1.0,56.56666666666666,5.0,17.666666666666668,3.0,6.066666666666666,2.0,1.0
13.7,1.0,22.766666666666666,3.0,0.0,1.0,38.2,5.0,0.0333333333333333,2.0,24.75816055555556,3.0,0.0333333333333333,1.0,56.56666666666666,1.0,17.666666666666668,2.0,6.066666666666666,1.0,1.0
13.7,4.0,22.766666666666666,5.0,0.0,5.0,38.2,2.0,0.0333333333333333,4.0,24.75816055555556,3.0,0.0333333333333333,1.0,56.56666666666666,1.0,17.666666666666668,3.0,6.066666666666666,3.0,1.0
13.7,1.0,22.766666666666666,5.0,0.0,4.0,38.2,3.0,0.0333333333333333,5.0,24.75816055555556,5.0,0.0333333333333333,5.0,56.56666666666666,2.0,17.666666666666668,5.0,6.066666666666666,3.0,1.0
13.7,4.0,22.766666666666666,5.0,0.0,1.0,38.2,3.0,0.0333333333333333,1.0,24.75816055555556,2.0,0.0333333333333333,3.0,56.56666666666666,5.0,17.666666666666668,5.0,6.066666666666666,2.0,1.0
13.7,2.0,22.766666666666666,3.0,0.0,5.0,38.2,5.0,0.0333333333333333,2.0,24.75816055555556,1.0,0.0333333333333333,4.0,56.56666666666666,2.0,17.666666666666668,1.0,6.066666666666666,1.0,1.0
13.7,3.0,22.766666666666666,2.0,0.0,3.0,38.2,2.0,0.0333333333333333,4.0,24.75816055555556,4.0,0.0333333333333333,3.0,56.56666666666666,1.0,17.666666666666668,3.0,6.066666666666666,4.0,1.0
13.7,2.0,22.766666666666666,2.0,0.0,3.0,38.2,2.0,0.0333333333333333,3.0,24.75816055555556,2.0,0.0333333333333333,2.0,56.56666666666666,4.0,17.666666666666668,3.0,6.066666666666666,3.0,1.0
13.7,4.0,22.766666666666666,2.0,0.0,1.0,38.2,5.0,0.0333333333333333,1.0,24.75816055555556,3.0,0.0333333333333333,2.0,56.56666666666666,2.0,17.666666666666668,1.0,6.066666666666666,5.0,1.0
13.7,3.0,22.766666666666666,2.0,0.0,4.0,38.2,1.0,0.0333333333333333,3.0,24.75816055555556,3.0,0.0333333333333333,3.0,56.56666666666666,1.0,17.666666666666668,5.0,6.066666666666666,2.0,1.0
13.7,1.0,21.90000000000001,1.0,0.0,1.0,38.2,3.0,0.0333333333333333,1.0,24.627605,5.0,0.0333333333333333,1.0,56.56666666666666,3.0,17.666666666666668,1.0,6.066666666666666,1.0,1.0
13.7,4.0,21.90000000000001,4.0,0.0,2.0,38.2,1.0,0.0333333333333333,2.0,24.627605,5.0,0.0333333333333333,5.0,56.56666666666666,5.0,17.666666666666668,2.0,6.066666666666666,4.0,1.0
13.7,1.0,21.90000000000001,4.0,0.0,3.0,38.2,4.0,0.0333333333333333,4.0,24.627605,5.0,0.0333333333333333,3.0,56.56666666666666,2.0,17.666666666666668,3.0,6.066666666666666,1.0,1.0
13.7,1.0,21.90000000000001,3.0,0.0,5.0,38.2,3.0,0.0333333333333333,4.0,24.627605,1.0,0.0333333333333333,3.0,56.56666666666666,4.0,17.666666666666668,2.0,6.066666666666666,1.0,1.0
13.7,1.0,21.90000000000001,5.0,0.0,4.0,38.2,2.0,0.0333333333333333,2.0,24.627605,1.0,0.0333333333333333,5.0,56.56666666666666,1.0,17.666666666666668,4.0,6.066666666666666,2.0,1.0
13.7,2.0,21.90000000000001,2.0,0.0,5.0,38.2,1.0,0.0333333333333333,2.0,24.627605,2.0,0.0333333333333333,2.0,56.56666666666666,1.0,17.666666666666668,5.0,6.066666666666666,2.0,1.0
13.7,3.0,21.90000000000001,2.0,0.0,5.0,38.2,2.0,0.0333333333333333,2.0,24.627605,2.0,0.0333333333333333,2.0,56.56666666666666,1.0,17.666666666666668,4.0,6.066666666666666,1.0,1.0
13.7,2.0,21.90000000000001,2.0,0.0,2.0,38.2,4.0,0.0333333333333333,3.0,24.627605,5.0,0.0333333333333333,2.0,56.56666666666666,5.0,17.666666666666668,1.0,6.066666666666666,3.0,1.0
13.7,4.0,21.90000000000001,3.0,0.0,5.0,38.2,2.0,0.0333333333333333,1.0,24.627605,4.0,0.0333333333333333,1.0,56.56666666666666,4.0,17.666666666666668,4.0,6.066666666666666,5.0,1.0
13.7,3.0,21.90000000000001,5.0,0.0,1.0,38.2,3.0,0.0333333333333333,1.0,24.627605,4.0,0.0333333333333333,4.0,56.56666666666666,5.0,17.666666666666668,4.0,6.066666666666666,2.0,1.0
13.7,1.0,21.90000000000001,5.0,0.0,3.0,38.2,1.0,0.0333333333333333,5.0,24.627605,5.0,0.0333333333333333,3.0,56.56666666666666,4.0,17.666666666666668,1.0,6.066666666666666,1.0,1.0
13.7,1.0,21.90000000000001,1.0,0.0,1.0,38.2,3.0,0.0333333333333333,1.0,24.185513333333333,5.0,0.0333333333333333,1.0,94.3,3.0,17.666666666666668,1.0,6.066666666666666,1.0,1.0
13.7,2.0,21.90000000000001,4.0,0.0,1.0,38.2,1.0,0.0333333333333333,4.0,24.185513333333333,4.0,0.0333333333333333,4.0,94.3,4.0,17.666666666666668,5.0,6.066666666666666,4.0,1.0
13.7,3.0,21.90000000000001,5.0,0.0,2.0,38.2,1.0,0.0333333333333333,4.0,24.185513333333333,2.0,0.0333333333333333,5.0,94.3,3.0,17.666666666666668,5.0,6.066666666666666,1.0,1.0
13.7,4.0,21.90000000000001,3.0,0.0,3.0,38.2,2.0,0.0333333333333333,5.0,24.185513333333333,2.0,0.0333333333333333,5.0,94.3,3.0,17.666666666666668,1.0,6.066666666666666,5.0,1.0
13.7,1.0,21.90000000000001,2.0,0.0,5.0,38.2,5.0,0.0333333333333333,5.0,24.185513333333333,3.0,0.0333333333333333,4.0,94.3,2.0,17.666666666666668,4.0,6.066666666666666,3.0,1.0
13.7,1.0,21.90000000000001,3.0,0.0,3.0,38.2,2.0,0.0333333333333333,2.0,24.185513333333333,3.0,0.0333333333333333,1.0,94.3,1.0,17.666666666666668,4.0,6.066666666666666,2.0,1.0
13.7,4.0,21.90000000000001,3.0,0.0,3.0,38.2,3.0,0.0333333333333333,3.0,24.185513333333333,5.0,0.0333333333333333,5.0,94.3,2.0,17.666666666666668,4.0,6.066666666666666,5.0,1.0
13.7,1.0,21.90000000000001,4.0,0.0,3.0,38.2,5.0,0.0333333333333333,3.0,24.185513333333333,5.0,0.0333333333333333,1.0,94.3,1.0,17.666666666666668,5.0,6.066666666666666,3.0,1.0
13.7,3.0,21.90000000000001,1.0,0.0,2.0,38.2,5.0,0.0333333333333333,2.0,24.185513333333333,3.0,0.0333333333333333,2.0,94.3,2.0,17.666666666666668,1.0,6.066666666666666,5.0,1.0
13.7,5.0,21.90000000000001,1.0,0.0,2.0,38.2,3.0,0.0333333333333333,2.0,24.185513333333333,4.0,0.0333333333333333,2.0,94.3,1.0,17.666666666666668,2.0,6.066666666666666,3.0,1.0
13.7,1.0,21.90000000000001,5.0,0.0,1.0,38.2,1.0,0.0333333333333333,3.0,24.185513333333333,3.0,0.0333333333333333,2.0,94.3,2.0,17.666666666666668,1.0,6.066666666666666,4.0,1.0
13.7,1.0,21.90000000000001,1.0,0.0,1.0,71.76666666666667,3.0,0.0333333333333333,1.0,24.50456611111111,5.0,0.0333333333333333,1.0,94.3,4.0,16.6,1.0,6.066666666666666,1.0,1.0
13.7,2.0,21.90000000000001,1.0,0.0,2.0,71.76666666666667,5.0,0.0333333333333333,2.0,24.50456611111111,5.0,0.0333333333333333,2.0,94.3,1.0,16.6,2.0,6.066666666666666,2.0,1.0
13.7,1.0,21.90000000000001,3.0,0.0,2.0,71.76666666666667,4.0,0.0333333333333333,3.0,24.50456611111111,3.0,0.0333333333333333,3.0,94.3,1.0,16.6,4.0,6.066666666666666,1.0,1.0
13.7,4.0,21.90000000000001,5.0,0.0,4.0,71.76666666666667,3.0,0.0333333333333333,2.0,24.50456611111111,5.0,0.0333333333333333,2.0,94.3,3.0,16.6,4.0,6.066666666666666,5.0,1.0
13.7,5.0,21.90000000000001,1.0,0.0,5.0,71.76666666666667,1.0,0.0333333333333333,3.0,24.50456611111111,5.0,0.0333333333333333,4.0,94.3,5.0,16.6,2.0,6.066666666666666,2.0,1.0
13.7,2.0,21.90000000000001,2.0,0.0,4.0,71.76666666666667,3.0,0.0333333333333333,4.0,24.50456611111111,3.0,0.0333333333333333,2.0,94.3,1.0,16.6,3.0,6.066666666666666,5.0,1.0
13.7,5.0,21.90000000000001,2.0,0.0,3.0,71.76666666666667,4.0,0.0333333333333333,4.0,24.50456611111111,1.0,0.0333333333333333,3.0,94.3,1.0,16.6,1.0,6.066666666666666,4.0,1.0
13.7,1.0,21.90000000000001,2.0,0.0,3.0,71.76666666666667,4.0,0.0333333333333333,3.0,24.50456611111111,1.0,0.0333333333333333,4.0,94.3,5.0,16.6,5.0,6.066666666666666,4.0,1.0
13.7,3.0,21.90000000000001,5.0,0.0,3.0,71.76666666666667,1.0,0.0333333333333333,5.0,24.50456611111111,2.0,0.0333333333333333,5.0,94.3,2.0,16.6,5.0,6.066666666666666,3.0,1.0
13.7,3.0,21.90000000000001,2.0,0.0,5.0,71.76666666666667,1.0,0.0333333333333333,3.0,24.50456611111111,2.0,0.0333333333333333,3.0,94.3,2.0,16.6,4.0,6.066666666666666,2.0,1.0
13.7,1.0,21.90000000000001,1.0,0.0,4.0,71.76666666666667,2.0,0.0333333333333333,2.0,24.50456611111111,4.0,0.0333333333333333,2.0,94.3,2.0,16.6,2.0,6.066666666666666,2.0,1.0
13.7,1.0,21.9,1.0,0.0,1.0,71.76666666666667,3.0,0.0333333333333333,1.0,24.571232777777777,5.0,0.0333333333333333,1.0,104.136505,4.0,16.6,1.0,6.066666666666666,1.0,1.0
13.7,4.0,21.9,3.0,0.0,5.0,71.76666666666667,4.0,0.0333333333333333,1.0,24.571232777777777,2.0,0.0333333333333333,2.0,104.136505,3.0,16.6,2.0,6.066666666666666,5.0,1.0
13.7,2.0,21.9,3.0,0.0,1.0,71.76666666666667,5.0,0.0333333333333333,5.0,24.571232777777777,4.0,0.0333333333333333,2.0,104.136505,1.0,16.6,4.0,6.066666666666666,3.0,1.0
13.7,5.0,21.9,4.0,0.0,3.0,71.76666666666667,5.0,0.0333333333333333,5.0,24.571232777777777,3.0,0.0333333333333333,1.0,104.136505,1.0,16.6,3.0,6.066666666666666,3.0,1.0
13.7,1.0,21.9,1.0,0.0,4.0,71.76666666666667,4.0,0.0333333333333333,1.0,24.571232777777777,3.0,0.0333333333333333,1.0,104.136505,4.0,16.6,5.0,6.066666666666666,5.0,1.0
13.7,3.0,21.9,4.0,0.0,5.0,71.76666666666667,4.0,0.0333333333333333,3.0,24.571232777777777,4.0,0.0333333333333333,3.0,104.136505,5.0,16.6,3.0,6.066666666666666,5.0,1.0
13.7,1.0,21.9,1.0,0.0,1.0,71.76666666666667,3.0,0.0333333333333333,4.0,24.571232777777777,2.0,0.0333333333333333,1.0,104.136505,5.0,16.6,4.0,6.066666666666666,4.0,1.0
13.7,3.0,21.9,3.0,0.0,1.0,71.76666666666667,1.0,0.0333333333333333,5.0,24.571232777777777,2.0,0.0333333333333333,4.0,104.136505,4.0,16.6,2.0,6.066666666666666,2.0,1.0
13.7,4.0,21.9,1.0,0.0,3.0,71.76666666666667,5.0,0.0333333333333333,4.0,24.571232777777777,4.0,0.0333333333333333,1.0,104.136505,1.0,16.6,2.0,6.066666666666666,2.0,1.0
13.7,1.0,21.9,5.0,0.0,1.0,71.76666666666667,4.0,0.0333333333333333,3.0,24.571232777777777,4.0,0.0333333333333333,2.0,104.136505,2.0,16.6,4.0,6.066666666666666,2.0,1.0
13.7,4.0,21.9,1.0,0.0,1.0,71.76666666666667,4.0,0.0333333333333333,4.0,24.571232777777777,1.0,0.0333333333333333,5.0,104.136505,1.0,16.6,5.0,6.066666666666666,4.0,1.0
14.2,1.0,21.9,1.0,0.1333333333333333,1.0,71.76666666666667,3.0,0.0333333333333333,1.0,24.671232777777774,5.0,0.0333333333333333,1.0,107.03372722222224,4.0,16.6,1.0,5.466666666666667,1.0,1.0
14.2,5.0,21.9,5.0,0.1333333333333333,2.0,71.76666666666667,4.0,0.0333333333333333,2.0,24.671232777777774,3.0,0.0333333333333333,2.0,107.03372722222224,3.0,16.6,5.0,5.466666666666667,3.0,1.0
14.2,1.0,21.9,2.0,0.1333333333333333,4.0,71.76666666666667,3.0,0.0333333333333333,3.0,24.671232777777774,3.0,0.0333333333333333,2.0,107.03372722222224,3.0,16.6,4.0,5.466666666666667,5.0,1.0
14.2,4.0,21.9,5.0,0.1333333333333333,5.0,71.76666666666667,1.0,0.0333333333333333,2.0,24.671232777777774,2.0,0.0333333333333333,1.0,107.03372722222224,1.0,16.6,4.0,5.466666666666667,2.0,1.0
14.2,1.0,21.9,2.0,0.1333333333333333,2.0,71.76666666666667,1.0,0.0333333333333333,1.0,24.671232777777774,4.0,0.0333333333333333,5.0,107.03372722222224,3.0,16.6,4.0,5.466666666666667,5.0,1.0
14.2,5.0,21.9,1.0,0.1333333333333333,5.0,71.76666666666667,1.0,0.0333333333333333,1.0,24.671232777777774,3.0,0.0333333333333333,4.0,107.03372722222224,1.0,16.6,2.0,5.466666666666667,2.0,1.0
14.2,2.0,21.9,5.0,0.1333333333333333,2.0,71.76666666666667,2.0,0.0333333333333333,1.0,24.671232777777774,1.0,0.0333333333333333,1.0,107.03372722222224,3.0,16.6,3.0,5.466666666666667,3.0,1.0
14.2,5.0,21.9,3.0,0.1333333333333333,1.0,71.76666666666667,2.0,0.0333333333333333,2.0,24.671232777777774,5.0,0.0333333333333333,2.0,107.03372722222224,1.0,16.6,4.0,5.466666666666667,3.0,1.0
14.2,1.0,21.9,4.0,0.1333333333333333,2.0,71.76666666666667,5.0,0.0333333333333333,5.0,24.671232777777774,2.0,0.0333333333333333,3.0,107.03372722222224,3.0,16.6,4.0,5.466666666666667,1.0,1.0
14.2,2.0,21.9,1.0,0.1333333333333333,4.0,71.76666666666667,1.0,0.0333333333333333,3.0,24.671232777777774,4.0,0.0333333333333333,5.0,107.03372722222224,2.0,16.6,1.0,5.466666666666667,4.0,1.0
14.2,1.0,21.9,1.0,0.1333333333333333,5.0,71.76666666666667,5.0,0.0333333333333333,4.0,24.671232777777774,5.0,0.0333333333333333,1.0,107.03372722222224,1.0,16.6,2.0,5.466666666666667,1.0,1.0
14.2,1.0,21.9,1.0,0.1333333333333333,1.0,60.833333333333336,3.0,0.0333333333333333,1.0,24.73016388888889,5.0,0.1,1.0,108.6,4.0,16.6,1.0,5.466666666666667,1.0,1.0
14.2,5.0,21.9,1.0,0.1333333333333333,3.0,60.833333333333336,5.0,0.0333333333333333,4.0,24.73016388888889,2.0,0.1,3.0,108.6,3.0,16.6,4.0,5.466666666666667,3.0,1.0
14.2,2.0,21.9,4.0,0.1333333333333333,5.0,60.833333333333336,3.0,0.0333333333333333,1.0,24.73016388888889,3.0,0.1,5.0,108.6,5.0,16.6,3.0,5.466666666666667,1.0,1.0
14.2,3.0,21.9,5.0,0.1333333333333333,5.0,60.833333333333336,1.0,0.0333333333333333,2.0,24.73016388888889,3.0,0.1,1.0,108.6,5.0,16.6,1.0,5.466666666666667,4.0,1.0
14.2,5.0,21.9,4.0,0.1333333333333333,4.0,60.833333333333336,2.0,0.0333333333333333,5.0,24.73016388888889,3.0,0.1,1.0,108.6,2.0,16.6,2.0,5.466666666666667,3.0,1.0
14.2,2.0,21.9,3.0,0.1333333333333333,3.0,60.833333333333336,2.0,0.0333333333333333,4.0,24.73016388888889,2.0,0.1,4.0,108.6,2.0,16.6,5.0,5.466666666666667,2.0,1.0
14.2,1.0,21.9,1.0,0.1333333333333333,5.0,60.833333333333336,5.0,0.0333333333333333,2.0,24.73016388888889,4.0,0.1,3.0,108.6,1.0,16.6,3.0,5.466666666666667,4.0,1.0
14.2,5.0,21.9,5.0,0.1333333333333333,1.0,60.833333333333336,2.0,0.0333333333333333,3.0,24.73016388888889,1.0,0.1,3.0,108.6,1.0,16.6,1.0,5.466666666666667,1.0,1.0
14.2,2.0,21.9,4.0,0.1333333333333333,1.0,60.833333333333336,5.0,0.0333333333333333,2.0,24.73016388888889,1.0,0.1,2.0,108.6,4.0,16.6,1.0,5.466666666666667,1.0,1.0
14.2,5.0,21.9,3.0,0.1333333333333333,2.0,60.833333333333336,4.0,0.0333333333333333,5.0,24.73016388888889,2.0,0.1,3.0,108.6,1.0,16.6,2.0,5.466666666666667,3.0,1.0
14.2,1.0,21.9,5.0,0.1333333333333333,5.0,60.833333333333336,2.0,0.0333333333333333,2.0,24.73016388888889,1.0,0.1,3.0,108.6,1.0,16.6,2.0,5.466666666666667,3.0,1.0
14.2,1.0,22.06666666666667,1.0,0.1333333333333333,1.0,60.833333333333336,3.0,0.1,1.0,24.166275,5.0,0.1,1.0,108.6,4.0,16.6,1.0,5.466666666666667,1.0,1.0
14.2,4.0,22.06666666666667,3.0,0.1333333333333333,2.0,60.833333333333336,4.0,0.1,4.0,24.166275,4.0,0.1,3.0,108.6,5.0,16.6,2.0,5.466666666666667,5.0,1.0
14.2,2.0,22.06666666666667,2.0,0.1333333333333333,3.0,60.833333333333336,3.0,0.1,4.0,24.166275,2.0,0.1,5.0,108.6,2.0,16.6,3.0,5.466666666666667,5.0,1.0
14.2,3.0,22.06666666666667,4.0,0.1333333333333333,5.0,60.833333333333336,5.0,0.1,3.0,24.166275,3.0,0.1,1.0,108.6,3.0,16.6,5.0,5.466666666666667,3.0,1.0
14.2,2.0,22.06666666666667,1.0,0.1333333333333333,2.0,60.833333333333336,2.0,0.1,5.0,24.166275,3.0,0.1,1.0,108.6,1.0,16.6,5.0,5.466666666666667,5.0,1.0
14.2,4.0,22.06666666666667,1.0,0.1333333333333333,1.0,60.833333333333336,1.0,0.1,4.0,24.166275,4.0,0.1,5.0,108.6,1.0,16.6,1.0,5.466666666666667,5.0,1.0
14.2,5.0,22.06666666666667,4.0,0.1333333333333333,1.0,60.833333333333336,1.0,0.1,1.0,24.166275,4.0,0.1,5.0,108.6,4.0,16.6,2.0,5.466666666666667,4.0,1.0
14.2,1.0,22.06666666666667,5.0,0.1333333333333333,5.0,60.833333333333336,4.0,0.1,5.0,24.166275,3.0,0.1,3.0,108.6,2.0,16.6,5.0,5.466666666666667,4.0,1.0
14.2,1.0,22.06666666666667,5.0,0.1333333333333333,1.0,60.833333333333336,3.0,0.1,1.0,24.166275,4.0,0.1,3.0,108.6,3.0,16.6,4.0,5.466666666666667,4.0,1.0
14.2,2.0,22.06666666666667,5.0,0.1333333333333333,3.0,60.833333333333336,1.0,0.1,1.0,24.166275,2.0,0.1,4.0,108.6,3.0,16.6,2.0,5.466666666666667,3.0,1.0
14.2,5.0,22.06666666666667,3.0,0.1333333333333333,1.0,60.833333333333336,1.0,0.1,3.0,24.166275,3.0,0.1,5.0,108.6,3.0,16.6,4.0,5.466666666666667,3.0,1.0
14.2,1.0,22.06666666666667,1.0,0.1333333333333333,1.0,60.833333333333336,3.0,0.1,1.0,23.639406666666662,5.0,0.1,1.0,131.58471333333333,4.0,16.6,1.0,5.466666666666667,1.0,1.0
14.2,2.0,22.06666666666667,4.0,0.1333333333333333,4.0,60.833333333333336,4.0,0.1,1.0,23.639406666666662,4.0,0.1,2.0,131.58471333333333,4.0,16.6,4.0,5.466666666666667,4.0,1.0
14.2,5.0,22.06666666666667,3.0,0.1333333333333333,1.0,60.833333333333336,4.0,0.1,4.0,23.639406666666662,1.0,0.1,1.0,131.58471333333333,2.0,16.6,5.0,5.466666666666667,3.0,1.0
14.2,5.0,22.06666666666667,5.0,0.1333333333333333,3.0,60.833333333333336,4.0,0.1,2.0,23.639406666666662,1.0,0.1,2.0,131.58471333333333,3.0,16.6,1.0,5.466666666666667,2.0,1.0
14.2,1.0,22.06666666666667,4.0,0.1333333333333333,5.0,60.833333333333336,5.0,0.1,2.0,23.639406666666662,3.0,0.1,5.0,131.58471333333333,3.0,16.6,2.0,5.466666666666667,2.0,1.0
14.2,4.0,22.06666666666667,3.0,0.1333333333333333,5.0,60.833333333333336,5.0,0.1,1.0,23.639406666666662,4.0,0.1,2.0,131.58471333333333,3.0,16.6,2.0,5.466666666666667,2.0,1.0
14.2,2.0,22.06666666666667,1.0,0.1333333333333333,4.0,60.833333333333336,1.0,0.1,2.0,23.639406666666662,1.0,0.1,1.0,131.58471333333333,2.0,16.6,5.0,5.466666666666667,5.0,1.0
14.2,2.0,22.06666666666667,3.0,0.1333333333333333,5.0,60.833333333333336,2.0,0.1,5.0,23.639406666666662,1.0,0.1,2.0,131.58471333333333,2.0,16.6,1.0,5.466666666666667,5.0,1.0
14.2,5.0,22.06666666666667,2.0,0.1333333333333333,5.0,60.833333333333336,4.0,0.1,5.0,23.639406666666662,5.0,0.1,3.0,131.58471333333333,1.0,16.6,5.0,5.466666666666667,4.0,1.0
14.2,5.0,22.06666666666667,5.0,0.1333333333333333,1.0,60.833333333333336,3.0,0.1,1.0,23.639406666666662,1.0,0.1,5.0,131.58471333333333,5.0,16.6,5.0,5.466666666666667,5.0,1.0
14.2,4.0,22.06666666666667,3.0,0.1333333333333333,5.0,60.833333333333336,3.0,0.1,4.0,23.639406666666662,2.0,0.1,4.0,131.58471333333333,5.0,16.6,4.0,5.466666666666667,3.0,1.0
14.2,1.0,22.06666666666667,1.0,0.1333333333333333,1.0,54.36666666666667,3.0,0.1,1.0,23.731437777777774,5.0,0.1,1.0,134.26804666666666,4.0,17.1,1.0,5.466666666666667,1.0,1.0
14.2,1.0,22.06666666666667,1.0,0.1333333333333333,4.0,54.36666666666667,4.0,0.1,4.0,23.731437777777774,5.0,0.1,3.0,134.26804666666666,5.0,17.1,4.0,5.466666666666667,2.0,1.0
14.2,5.0,22.06666666666667,1.0,0.1333333333333333,3.0,54.36666666666667,5.0,0.1,4.0,23.731437777777774,5.0,0.1,1.0,134.26804666666666,3.0,17.1,4.0,5.466666666666667,4.0,1.0
14.2,5.0,22.06666666666667,3.0,0.1333333333333333,4.0,54.36666666666667,3.0,0.1,5.0,23.731437777777774,1.0,0.1,2.0,134.26804666666666,1.0,17.1,4.0,5.466666666666667,2.0,1.0
14.2,2.0,22.06666666666667,5.0,0.1333333333333333,2.0,54.36666666666667,1.0,0.1,1.0,23.731437777777774,2.0,0.1,5.0,134.26804666666666,3.0,17.1,5.0,5.466666666666667,2.0,1.0
14.2,2.0,22.06666666666667,1.0,0.1333333333333333,2.0,54.36666666666667,3.0,0.1,5.0,23.731437777777774,2.0,0.1,4.0,134.26804666666666,4.0,17.1,2.0,5.466666666666667,5.0,1.0
14.2,3.0,22.06666666666667,1.0,0.1333333333333333,5.0,54.36666666666667,5.0,0.1,1.0,23.731437777777774,5.0,0.1,5.0,134.26804666666666,5.0,17.1,2.0,5.466666666666667,4.0,1.0
14.2,3.0,22.06666666666667,4.0,0.1333333333333333,4.0,54.36666666666667,4.0,0.1,3.0,23.731437777777774,4.0,0.1,3.0,134.26804666666666,1.0,17.1,1.0,5.466666666666667,5.0,1.0
14.2,5.0,22.06666666666667,3.0,0.1333333333333333,1.0,54.36666666666667,4.0,0.1,1.0,23.731437777777774,2.0,0.1,2.0,134.26804666666666,1.0,17.1,5.0,5.466666666666667,3.0,1.0
14.2,2.0,22.06666666666667,3.0,0.1333333333333333,1.0,54.36666666666667,3.0,0.1,3.0,23.731437777777774,2.0,0.1,5.0,134.26804666666666,2.0,17.1,1.0,5.466666666666667,3.0,1.0
14.2,5.0,22.06666666666667,2.0,0.1333333333333333,1.0,54.36666666666667,5.0,0.1,3.0,23.731437777777774,1.0,0.1,4.0,134.26804666666666,2.0,17.1,5.0,5.466666666666667,2.0,1.0
14.2,1.0,22.066666666666663,1.0,0.1333333333333333,1.0,81.1955188888889,3.0,0.1,1.0,23.750882222222224,5.0,0.1,1.0,145.7401088888889,4.0,17.1,1.0,5.466666666666667,1.0,1.0
14.2,3.0,22.066666666666663,3.0,0.1333333333333333,2.0,81.1955188888889,3.0,0.1,1.0,23.750882222222224,4.0,0.1,4.0,145.7401088888889,5.0,17.1,2.0,5.466666666666667,2.0,1.0
14.2,3.0,22.066666666666663,4.0,0.1333333333333333,5.0,81.1955188888889,1.0,0.1,2.0,23.750882222222224,2.0,0.1,2.0,145.7401088888889,3.0,17.1,5.0,5.466666666666667,1.0,1.0
14.2,5.0,22.066666666666663,4.0,0.1333333333333333,4.0,81.1955188888889,4.0,0.1,1.0,23.750882222222224,4.0,0.1,2.0,145.7401088888889,3.0,17.1,4.0,5.466666666666667,4.0,1.0
14.2,2.0,22.066666666666663,2.0,0.1333333333333333,3.0,81.1955188888889,1.0,0.1,4.0,23.750882222222224,1.0,0.1,3.0,145.7401088888889,4.0,17.1,1.0,5.466666666666667,5.0,1.0
14.2,2.0,22.066666666666663,1.0,0.1333333333333333,4.0,81.1955188888889,3.0,0.1,4.0,23.750882222222224,4.0,0.1,3.0,145.7401088888889,5.0,17.1,2.0,5.466666666666667,3.0,1.0
14.2,1.0,22.066666666666663,4.0,0.1333333333333333,2.0,81.1955188888889,4.0,0.1,5.0,23.750882222222224,5.0,0.1,5.0,145.7401088888889,1.0,17.1,1.0,5.466666666666667,5.0,1.0
14.2,2.0,22.066666666666663,1.0,0.1333333333333333,2.0,81.1955188888889,5.0,0.1,2.0,23.750882222222224,1.0,0.1,4.0,145.7401088888889,1.0,17.1,2.0,5.466666666666667,1.0,1.0
14.2,4.0,22.066666666666663,3.0,0.1333333333333333,5.0,81.1955188888889,2.0,0.1,2.0,23.750882222222224,1.0,0.1,2.0,145.7401088888889,3.0,17.1,1.0,5.466666666666667,3.0,1.0
14.2,5.0,22.066666666666663,4.0,0.1333333333333333,4.0,81.1955188888889,5.0,0.1,4.0,23.750882222222224,4.0,0.1,5.0,145.7401088888889,1.0,17.1,5.0,5.466666666666667,2.0,1.0
14.2,4.0,22.066666666666663,5.0,0.1333333333333333,3.0,81.1955188888889,1.0,0.1,2.0,23.750882222222224,3.0,0.1,5.0,145.7401088888889,5.0,17.1,3.0,5.466666666666667,5.0,1.0
17.933333333333334,1.0,22.066666666666663,1.0,0.0666666666666666,1.0,83.82607444444444,3.0,0.1,1.0,24.679985,5.0,0.1,1.0,146.56666666666666,4.0,17.1,1.0,6.766666666666667,1.0,1.0
17.933333333333334,3.0,22.066666666666663,3.0,0.0666666666666666,5.0,83.82607444444444,4.0,0.1,3.0,24.679985,3.0,0.1,4.0,146.56666666666666,4.0,17.1,3.0,6.766666666666667,1.0,1.0
17.933333333333334,1.0,22.066666666666663,1.0,0.0666666666666666,3.0,83.82607444444444,4.0,0.1,5.0,24.679985,2.0,0.1,4.0,146.56666666666666,4.0,17.1,1.0,6.766666666666667,2.0,1.0
17.933333333333334,2.0,22.066666666666663,5.0,0.0666666666666666,5.0,83.82607444444444,5.0,0.1,3.0,24.679985,3.0,0.1,2.0,146.56666666666666,4.0,17.1,1.0,6.766666666666667,2.0,1.0
17.933333333333334,1.0,22.066666666666663,3.0,0.0666666666666666,2.0,83.82607444444444,1.0,0.1,2.0,24.679985,5.0,0.1,3.0,146.56666666666666,5.0,17.1,5.0,6.766666666666667,5.0,1.0
17.933333333333334,2.0,22.066666666666663,5.0,0.0666666666666666,5.0,83.82607444444444,5.0,0.1,2.0,24.679985,2.0,0.1,3.0,146.56666666666666,5.0,17.1,5.0,6.766666666666667,3.0,1.0
17.933333333333334,1.0,22.066666666666663,3.0,0.0666666666666666,4.0,83.82607444444444,3.0,0.1,2.0,24.679985,2.0,0.1,1.0,146.56666666666666,2.0,17.1,4.0,6.766666666666667,2.0,1.0
17.933333333333334,5.0,22.066666666666663,1.0,0.0666666666666666,3.0,83.82607444444444,3.0,0.1,5.0,24.679985,5.0,0.1,3.0,146.56666666666666,4.0,17.1,4.0,6.766666666666667,3.0,1.0
17.933333333333334,1.0,22.066666666666663,3.0,0.0666666666666666,2.0,83.82607444444444,3.0,0.1,4.0,24.679985,2.0,0.1,2.0,146.56666666666666,5.0,17.1,2.0,6.766666666666667,1.0,1.0
17.933333333333334,4.0,22.066666666666663,4.0,0.0666666666666666,5.0,83.82607444444444,4.0,0.1,5.0,24.679985,3.0,0.1,2.0,146.56666666666666,5.0,17.1,2.0,6.766666666666667,2.0,1.0
17.933333333333334,5.0,22.066666666666663,5.0,0.0666666666666666,2.0,83.82607444444444,4.0,0.1,5.0,24.679985,4.0,0.1,1.0,146.56666666666666,4.0,17.1,1.0,6.766666666666667,5.0,1.0
17.933333333333334,1.0,22.066666666666663,1.0,0.0666666666666666,1.0,97.1,3.0,0.1,1.0,24.824429444444444,5.0,0.0666666666666666,1.0,146.56666666666666,4.0,17.1,1.0,6.766666666666667,1.0,1.0
17.933333333333334,1.0,22.066666666666663,5.0,0.0666666666666666,1.0,97.1,3.0,0.1,2.0,24.824429444444444,5.0,0.0666666666666666,2.0,146.56666666666666,4.0,17.1,1.0,6.766666666666667,3.0,1.0
17.933333333333334,5.0,22.066666666666663,5.0,0.0666666666666666,2.0,97.1,2.0,0.1,3.0,24.824429444444444,3.0,0.0666666666666666,3.0,146.56666666666666,1.0,17.1,4.0,6.766666666666667,2.0,1.0
17.933333333333334,2.0,22.066666666666663,5.0,0.0666666666666666,4.0,97.1,2.0,0.1,5.0,24.824429444444444,2.0,0.0666666666666666,3.0,146.56666666666666,2.0,17.1,1.0,6.766666666666667,3.0,1.0
17.933333333333334,3.0,22.066666666666663,5.0,0.0666666666666666,2.0,97.1,5.0,0.1,4.0,24.824429444444444,1.0,0.0666666666666666,4.0,146.56666666666666,3.0,17.1,2.0,6.766666666666667,3.0,1.0
17.933333333333334,2.0,22.066666666666663,4.0,0.0666666666666666,3.0,97.1,3.0,0.1,2.0,24.824429444444444,2.0,0.0666666666666666,3.0,146.56666666666666,3.0,17.1,2.0,6.766666666666667,3.0,1.0
17.933333333333334,2.0,22.066666666666663,3.0,0.0666666666666666,1.0,97.1,3.0,0.1,4.0,24.824429444444444,5.0,0.0666666666666666,4.0,146.56666666666666,4.0,17.1,1.0,6.766666666666667,2.0,1.0
17.933333333333334,4.0,22.066666666666663,5.0,0.0666666666666666,3.0,97.1,5.0,0.1,2.0,24.824429444444444,1.0,0.0666666666666666,1.0,146.56666666666666,3.0,17.1,4.0,6.766666666666667,2.0,1.0
17.933333333333334,4.0,22.066666666666663,4.0,0.0666666666666666,2.0,97.1,2.0,0.1,4.0,24.824429444444444,4.0,0.0666666666666666,1.0,146.56666666666666,2.0,17.1,3.0,6.766666666666667,3.0,1.0
17.933333333333334,1.0,22.066666666666663,5.0,0.0666666666666666,2.0,97.1,2.0,0.1,1.0,24.824429444444444,5.0,0.0666666666666666,2.0,146.56666666666666,5.0,17.1,3.0,6.766666666666667,5.0,1.0
17.933333333333334,1.0,22.066666666666663,1.0,0.0666666666666666,5.0,97.1,5.0,0.1,3.0,24.824429444444444,1.0,0.0666666666666666,5.0,146.56666666666666,2.0,17.1,5.0,6.766666666666667,5.0,1.0
17.933333333333334,1.0,35.866666666666674,1.0,0.0666666666666666,1.0,97.1,3.0,0.0666666666666666,1.0,26.49299166666667,5.0,0.0666666666666666,1.0,146.56666666666666,4.0,17.1,1.0,6.766666666666667,1.0,1.0
17.933333333333334,5.0,35.866666666666674,4.0,0.0666666666666666,4.0,97.1,3.0,0.0666666666666666,1.0,26.49299166666667,2.0,0.0666666666666666,4.0,146.56666666666666,5.0,17.1,3.0,6.766666666666667,4.0,1.0
17.933333333333334,1.0,35.866666666666674,3.0,0.0666666666666666,3.0,97.1,5.0,0.0666666666666666,2.0,26.49299166666667,2.0,0.0666666666666666,2.0,146.56666666666666,1.0,17.1,3.0,6.766666666666667,4.0,1.0
17.933333333333334,5.0,35.866666666666674,5.0,0.0666666666666666,1.0,97.1,2.0,0.0666666666666666,2.0,26.49299166666667,2.0,0.0666666666666666,5.0,146.56666666666666,1.0,17.1,1.0,6.766666666666667,5.0,1.0
17.933333333333334,5.0,35.866666666666674,2.0,0.0666666666666666,2.0,97.1,3.0,0.0666666666666666,3.0,26.49299166666667,5.0,0.0666666666666666,3.0,146.56666666666666,1.0,17.1,3.0,6.766666666666667,3.0,1.0
17.933333333333334,3.0,35.866666666666674,3.0,0.0666666666666666,5.0,97.1,5.0,0.0666666666666666,2.0,26.49299166666667,2.0,0.0666666666666666,4.0,146.56666666666666,3.0,17.1,3.0,6.766666666666667,1.0,1.0
17.933333333333334,2.0,35.866666666666674,4.0,0.0666666666666666,5.0,97.1,4.0,0.0666666666666666,2.0,26.49299166666667,1.0,0.0666666666666666,1.0,146.56666666666666,2.0,17.1,3.0,6.766666666666667,5.0,1.0
17.933333333333334,5.0,35.866666666666674,1.0,0.0666666666666666,4.0,97.1,2.0,0.0666666666666666,1.0,26.49299166666667,3.0,0.0666666666666666,1.0,146.56666666666666,2.0,17.1,3.0,6.766666666666667,2.0,1.0
17.933333333333334,3.0,35.866666666666674,3.0,0.0666666666666666,4.0,97.1,1.0,0.0666666666666666,1.0,26.49299166666667,3.0,0.0666666666666666,2.0,146.56666666666666,4.0,17.1,1.0,6.766666666666667,3.0,1.0
17.933333333333334,5.0,35.866666666666674,1.0,0.0666666666666666,2.0,97.1,5.0,0.0666666666666666,3.0,26.49299166666667,1.0,0.0666666666666666,2.0,146.56666666666666,4.0,17.1,5.0,6.766666666666667,2.0,1.0
17.933333333333334,3.0,35.866666666666674,4.0,0.0666666666666666,1.0,97.1,2.0,0.0666666666666666,4.0,26.49299166666667,1.0,0.0666666666666666,4.0,146.56666666666666,3.0,17.1,5.0,6.766666666666667,1.0,1.0
17.933333333333334,1.0,35.866666666666674,1.0,0.0666666666666666,1.0,97.1,3.0,0.0666666666666666,1.0,31.151325,5.0,0.0666666666666666,1.0,192.7453611111111,4.0,17.1,1.0,6.766666666666667,1.0,1.0
17.933333333333334,5.0,35.866666666666674,2.0,0.0666666666666666,1.0,97.1,4.0,0.0666666666666666,3.0,31.151325,5.0,0.0666666666666666,1.0,192.7453611111111,1.0,17.1,3.0,6.766666666666667,5.0,1.0
17.933333333333334,3.0,35.866666666666674,4.0,0.0666666666666666,5.0,97.1,5.0,0.0666666666666666,3.0,31.151325,4.0,0.0666666666666666,3.0,192.7453611111111,4.0,17.1,3.0,6.766666666666667,3.0,1.0
17.933333333333334,3.0,35.866666666666674,4.0,0.0666666666666666,4.0,97.1,5.0,0.0666666666666666,4.0,31.151325,1.0,0.0666666666666666,3.0,192.7453611111111,2.0,17.1,1.0,6.766666666666667,1.0,1.0
17.933333333333334,3.0,35.866666666666674,5.0,0.0666666666666666,3.0,97.1,3.0,0.0666666666666666,1.0,31.151325,4.0,0.0666666666666666,1.0,192.7453611111111,5.0,17.1,5.0,6.766666666666667,5.0,1.0
17.933333333333334,2.0,35.866666666666674,1.0,0.0666666666666666,2.0,97.1,4.0,0.0666666666666666,2.0,31.151325,5.0,0.0666666666666666,1.0,192.7453611111111,1.0,17.1,2.0,6.766666666666667,4.0,1.0
17.933333333333334,4.0,35.866666666666674,2.0,0.0666666666666666,4.0,97.1,4.0,0.0666666666666666,3.0,31.151325,3.0,0.0666666666666666,1.0,192.7453611111111,2.0,17.1,3.0,6.766666666666667,1.0,1.0
17.933333333333334,3.0,35.866666666666674,1.0,0.0666666666666666,4.0,97.1,1.0,0.0666666666666666,1.0,31.151325,4.0,0.0666666666666666,2.0,192.7453611111111,2.0,17.1,2.0,6.766666666666667,2.0,1.0
17.933333333333334,4.0,35.866666666666674,4.0,0.0666666666666666,2.0,97.1,4.0,0.0666666666666666,4.0,31.151325,3.0,0.0666666666666666,3.0,192.7453611111111,5.0,17.1,3.0,6.766666666666667,2.0,1.0
17.933333333333334,3.0,35.866666666666674,5.0,0.0666666666666666,4.0,97.1,1.0,0.0666666666666666,3.0,31.151325,4.0,0.0666666666666666,2.0,192.7453611111111,5.0,17.1,5.0,6.766666666666667,5.0,1.0
17.933333333333334,1.0,35.866666666666674,3.0,0.0666666666666666,3.0,97.1,4.0,0.0666666666666666,5.0,31.151325,2.0,0.0666666666666666,3.0,192.7453611111111,4.0,17.1,4.0,6.766666666666667,4.0,1.0
17.933333333333334,1.0,35.866666666666674,1.0,0.0666666666666666,1.0,117.73333333333332,4.0,0.0666666666666666,1.0,32.76167777777778,5.0,0.0666666666666666,1.0,193.2,4.0,29.633333333333333,2.0,6.766666666666667,1.0,1.0
17.933333333333334,2.0,35.866666666666674,5.0,0.0666666666666666,1.0,117.73333333333332,3.0,0.0666666666666666,4.0,32.76167777777778,1.0,0.0666666666666666,3.0,193.2,3.0,29.633333333333333,4.0,6.766666666666667,1.0,1.0
17.933333333333334,2.0,35.866666666666674,2.0,0.0666666666666666,4.0,117.73333333333332,2.0,0.0666666666666666,3.0,32.76167777777778,4.0,0.0666666666666666,4.0,193.2,1.0,29.633333333333333,5.0,6.766666666666667,1.0,1.0
17.933333333333334,1.0,35.866666666666674,1.0,0.0666666666666666,2.0,117.73333333333332,5.0,0.0666666666666666,2.0,32.76167777777778,4.0,0.0666666666666666,3.0,193.2,1.0,29.633333333333333,3.0,6.766666666666667,1.0,1.0
17.933333333333334,3.0,35.866666666666674,3.0,0.0666666666666666,3.0,117.73333333333332,2.0,0.0666666666666666,4.0,32.76167777777778,3.0,0.0666666666666666,2.0,193.2,3.0,29.633333333333333,1.0,6.766666666666667,5.0,1.0
17.933333333333334,4.0,35.866666666666674,2.0,0.0666666666666666,4.0,117.73333333333332,4.0,0.0666666666666666,4.0,32.76167777777778,1.0,0.0666666666666666,5.0,193.2,5.0,29.633333333333333,5.0,6.766666666666667,5.0,1.0
17.933333333333334,5.0,35.866666666666674,4.0,0.0666666666666666,1.0,117.73333333333332,3.0,0.0666666666666666,2.0,32.76167777777778,2.0,0.0666666666666666,5.0,193.2,5.0,29.633333333333333,3.0,6.766666666666667,4.0,1.0
17.933333333333334,1.0,35.866666666666674,2.0,0.0666666666666666,5.0,117.73333333333332,3.0,0.0666666666666666,3.0,32.76167777777778,3.0,0.0666666666666666,2.0,193.2,5.0,29.633333333333333,4.0,6.766666666666667,4.0,1.0
17.933333333333334,2.0,35.866666666666674,4.0,0.0666666666666666,5.0,117.73333333333332,4.0,0.0666666666666666,3.0,32.76167777777778,2.0,0.0666666666666666,3.0,193.2,2.0,29.633333333333333,4.0,6.766666666666667,1.0,1.0
17.933333333333334,1.0,35.866666666666674,4.0,0.0666666666666666,2.0,117.73333333333332,3.0,0.0666666666666666,3.0,32.76167777777778,3.0,0.0666666666666666,4.0,193.2,2.0,29.633333333333333,4.0,6.766666666666667,2.0,1.0
17.933333333333334,2.0,35.866666666666674,3.0,0.0666666666666666,5.0,117.73333333333332,2.0,0.0666666666666666,3.0,32.76167777777778,1.0,0.0666666666666666,1.0,193.2,4.0,29.633333333333333,4.0,6.766666666666667,2.0,1.0
17.933333333333334,1.0,35.86666666666667,1.0,0.0666666666666666,1.0,133.93333333333334,4.0,0.0666666666666666,1.0,33.1339,5.0,0.0666666666666666,1.0,235.9834733333333,4.0,29.633333333333333,2.0,6.766666666666667,1.0,1.0
17.933333333333334,4.0,35.86666666666667,2.0,0.0666666666666666,2.0,133.93333333333334,3.0,0.0666666666666666,2.0,33.1339,5.0,0.0666666666666666,3.0,235.9834733333333,2.0,29.633333333333333,3.0,6.766666666666667,4.0,1.0
17.933333333333334,2.0,35.86666666666667,5.0,0.0666666666666666,3.0,133.93333333333334,4.0,0.0666666666666666,5.0,33.1339,3.0,0.0666666666666666,1.0,235.9834733333333,4.0,29.633333333333333,1.0,6.766666666666667,3.0,1.0
17.933333333333334,5.0,35.86666666666667,3.0,0.0666666666666666,4.0,133.93333333333334,3.0,0.0666666666666666,2.0,33.1339,2.0,0.0666666666666666,3.0,235.9834733333333,1.0,29.633333333333333,3.0,6.766666666666667,3.0,1.0
17.933333333333334,5.0,35.86666666666667,1.0,0.0666666666666666,5.0,133.93333333333334,3.0,0.0666666666666666,4.0,33.1339,3.0,0.0666666666666666,2.0,235.9834733333333,5.0,29.633333333333333,2.0,6.766666666666667,1.0,1.0
17.933333333333334,4.0,35.86666666666667,4.0,0.0666666666666666,5.0,133.93333333333334,3.0,0.0666666666666666,1.0,33.1339,1.0,0.0666666666666666,3.0,235.9834733333333,2.0,29.633333333333333,5.0,6.766666666666667,1.0,1.0
17.933333333333334,5.0,35.86666666666667,2.0,0.0666666666666666,1.0,133.93333333333334,2.0,0.0666666666666666,1.0,33.1339,3.0,0.0666666666666666,2.0,235.9834733333333,3.0,29.633333333333333,3.0,6.766666666666667,1.0,1.0
17.933333333333334,1.0,35.86666666666667,1.0,0.0666666666666666,1.0,133.93333333333334,1.0,0.0666666666666666,2.0,33.1339,3.0,0.0666666666666666,2.0,235.9834733333333,2.0,29.633333333333333,3.0,6.766666666666667,3.0,1.0
17.933333333333334,2.0,35.86666666666667,2.0,0.0666666666666666,3.0,133.93333333333334,1.0,0.0666666666666666,3.0,33.1339,5.0,0.0666666666666666,2.0,235.9834733333333,1.0,29.633333333333333,4.0,6.766666666666667,1.0,1.0
17.933333333333334,1.0,35.86666666666667,1.0,0.0666666666666666,5.0,133.93333333333334,5.0,0.0666666666666666,3.0,33.1339,4.0,0.0666666666666666,4.0,235.9834733333333,4.0,29.633333333333333,3.0,6.766666666666667,5.0,1.0
17.933333333333334,4.0,35.86666666666667,1.0,0.0666666666666666,2.0,133.93333333333334,5.0,0.0666666666666666,3.0,33.1339,2.0,0.0666666666666666,5.0,235.9834733333333,4.0,29.633333333333333,3.0,6.766666666666667,3.0,1.0
26.53333333333333,1.0,35.86666666666667,1.0,0.0666666666666666,1.0,133.93333333333334,4.0,0.0666666666666666,1.0,36.42779444444445,5.0,0.0666666666666666,1.0,235.99458444444443,4.0,29.633333333333333,2.0,10.333333333333334,1.0,1.0
26.53333333333333,1.0,35.86666666666667,2.0,0.0666666666666666,3.0,133.93333333333334,5.0,0.0666666666666666,2.0,36.42779444444445,1.0,0.0666666666666666,3.0,235.99458444444443,5.0,29.633333333333333,3.0,10.333333333333334,2.0,1.0
26.53333333333333,4.0,35.86666666666667,4.0,0.0666666666666666,2.0,133.93333333333334,5.0,0.0666666666666666,3.0,36.42779444444445,1.0,0.0666666666666666,3.0,235.99458444444443,5.0,29.633333333333333,2.0,10.333333333333334,3.0,1.0
26.53333333333333,4.0,35.86666666666667,4.0,0.0666666666666666,5.0,133.93333333333334,1.0,0.0666666666666666,3.0,36.42779444444445,3.0,0.0666666666666666,1.0,235.99458444444443,4.0,29.633333333333333,1.0,10.333333333333334,3.0,1.0
26.53333333333333,2.0,35.86666666666667,1.0,0.0666666666666666,5.0,133.93333333333334,2.0,0.0666666666666666,2.0,36.42779444444445,5.0,0.0666666666666666,5.0,235.99458444444443,1.0,29.633333333333333,2.0,10.333333333333334,4.0,1.0
26.53333333333333,4.0,35.86666666666667,5.0,0.0666666666666666,3.0,133.93333333333334,1.0,0.0666666666666666,5.0,36.42779444444445,1.0,0.0666666666666666,1.0,235.99458444444443,4.0,29.633333333333333,4.0,10.333333333333334,1.0,1.0
26.53333333333333,1.0,35.86666666666667,3.0,0.0666666666666666,2.0,133.93333333333334,4.0,0.0666666666666666,3.0,36.42779444444445,3.0,0.0666666666666666,3.0,235.99458444444443,2.0,29.633333333333333,2.0,10.333333333333334,4.0,1.0
26.53333333333333,3.0,35.86666666666667,3.0,0.0666666666666666,3.0,133.93333333333334,2.0,0.0666666666666666,5.0,36.42779444444445,3.0,0.0666666666666666,4.0,235.99458444444443,5.0,29.633333333333333,5.0,10.333333333333334,4.0,1.0
26.53333333333333,4.0,35.86666666666667,3.0,0.0666666666666666,4.0,133.93333333333334,2.0,0.0666666666666666,4.0,36.42779444444445,1.0,0.0666666666666666,5.0,235.99458444444443,2.0,29.633333333333333,4.0,10.333333333333334,1.0,1.0
26.53333333333333,1.0,35.86666666666667,5.0,0.0666666666666666,5.0,133.93333333333334,2.0,0.0666666666666666,1.0,36.42779444444445,5.0,0.0666666666666666,5.0,235.99458444444443,1.0,29.633333333333333,4.0,10.333333333333334,2.0,1.0
26.53333333333333,4.0,35.86666666666667,3.0,0.0666666666666666,1.0,133.93333333333334,2.0,0.0666666666666666,3.0,36.42779444444445,4.0,0.0666666666666666,1.0,235.99458444444443,5.0,29.633333333333333,4.0,10.333333333333334,5.0,1.0
26.53333333333333,1.0,35.86666666666667,1.0,0.0666666666666666,1.0,140.76666666666665,4.0,0.0666666666666666,1.0,37.272238888888886,5.0,0.0666666666666666,1.0,236.0,4.0,29.633333333333333,2.0,10.333333333333334,1.0,1.0
26.53333333333333,5.0,35.86666666666667,1.0,0.0666666666666666,1.0,140.76666666666665,4.0,0.0666666666666666,1.0,37.272238888888886,1.0,0.0666666666666666,3.0,236.0,5.0,29.633333333333333,4.0,10.333333333333334,3.0,1.0
26.53333333333333,1.0,35.86666666666667,2.0,0.0666666666666666,4.0,140.76666666666665,1.0,0.0666666666666666,3.0,37.272238888888886,1.0,0.0666666666666666,2.0,236.0,2.0,29.633333333333333,4.0,10.333333333333334,5.0,1.0
26.53333333333333,1.0,35.86666666666667,4.0,0.0666666666666666,4.0,140.76666666666665,5.0,0.0666666666666666,5.0,37.272238888888886,1.0,0.0666666666666666,4.0,236.0,3.0,29.633333333333333,1.0,10.333333333333334,2.0,1.0
26.53333333333333,5.0,35.86666666666667,3.0,0.0666666666666666,2.0,140.76666666666665,2.0,0.0666666666666666,5.0,37.272238888888886,2.0,0.0666666666666666,1.0,236.0,3.0,29.633333333333333,5.0,10.333333333333334,1.0,1.0
26.53333333333333,2.0,35.86666666666667,3.0,0.0666666666666666,1.0,140.76666666666665,4.0,0.0666666666666666,2.0,37.272238888888886,1.0,0.0666666666666666,2.0,236.0,5.0,29.633333333333333,5.0,10.333333333333334,3.0,1.0
26.53333333333333,3.0,35.86666666666667,5.0,0.0666666666666666,1.0,140.76666666666665,4.0,0.0666666666666666,4.0,37.272238888888886,4.0,0.0666666666666666,2.0,236.0,4.0,29.633333333333333,4.0,10.333333333333334,5.0,1.0
26.53333333333333,1.0,35.86666666666667,4.0,0.0666666666666666,5.0,140.76666666666665,2.0,0.0666666666666666,4.0,37.272238888888886,1.0,0.0666666666666666,4.0,236.0,4.0,29.633333333333333,1.0,10.333333333333334,1.0,1.0
26.53333333333333,4.0,35.86666666666667,2.0,0.0666666666666666,3.0,140.76666666666665,1.0,0.0666666666666666,5.0,37.272238888888886,3.0,0.0666666666666666,5.0,236.0,1.0,29.633333333333333,2.0,10.333333333333334,4.0,1.0
26.53333333333333,4.0,35.86666666666667,4.0,0.0666666666666666,5.0,140.76666666666665,5.0,0.0666666666666666,1.0,37.272238888888886,2.0,0.0666666666666666,5.0,236.0,3.0,29.633333333333333,5.0,10.333333333333334,3.0,1.0
26.53333333333333,1.0,35.86666666666667,3.0,0.0666666666666666,5.0,140.76666666666665,4.0,0.0666666666666666,1.0,37.272238888888886,2.0,0.0666666666666666,5.0,236.0,5.0,29.633333333333333,4.0,10.333333333333334,1.0,1.0
26.53333333333333,1.0,41.13333333333334,1.0,0.0666666666666666,1.0,140.76666666666665,4.0,0.0666666666666666,1.0,39.11668333333333,5.0,0.0666666666666666,1.0,236.0,4.0,29.633333333333333,2.0,10.333333333333334,1.0,1.0
26.53333333333333,4.0,41.13333333333334,5.0,0.0666666666666666,4.0,140.76666666666665,3.0,0.0666666666666666,3.0,39.11668333333333,2.0,0.0666666666666666,2.0,236.0,4.0,29.633333333333333,1.0,10.333333333333334,1.0,1.0
26.53333333333333,2.0,41.13333333333334,4.0,0.0666666666666666,4.0,140.76666666666665,3.0,0.0666666666666666,3.0,39.11668333333333,1.0,0.0666666666666666,2.0,236.0,1.0,29.633333333333333,4.0,10.333333333333334,4.0,1.0
26.53333333333333,2.0,41.13333333333334,2.0,0.0666666666666666,2.0,140.76666666666665,5.0,0.0666666666666666,3.0,39.11668333333333,4.0,0.0666666666666666,3.0,236.0,4.0,29.633333333333333,3.0,10.333333333333334,2.0,1.0
26.53333333333333,5.0,41.13333333333334,4.0,0.0666666666666666,4.0,140.76666666666665,5.0,0.0666666666666666,2.0,39.11668333333333,1.0,0.0666666666666666,3.0,236.0,2.0,29.633333333333333,3.0,10.333333333333334,2.0,1.0
26.53333333333333,2.0,41.13333333333334,2.0,0.0666666666666666,2.0,140.76666666666665,4.0,0.0666666666666666,3.0,39.11668333333333,3.0,0.0666666666666666,1.0,236.0,3.0,29.633333333333333,1.0,10.333333333333334,2.0,1.0
26.53333333333333,3.0,41.13333333333334,1.0,0.0666666666666666,2.0,140.76666666666665,2.0,0.0666666666666666,5.0,39.11668333333333,5.0,0.0666666666666666,1.0,236.0,4.0,29.633333333333333,4.0,10.333333333333334,2.0,1.0
26.53333333333333,3.0,41.13333333333334,4.0,0.0666666666666666,2.0,140.76666666666665,1.0,0.0666666666666666,2.0,39.11668333333333,2.0,0.0666666666666666,2.0,236.0,2.0,29.633333333333333,1.0,10.333333333333334,5.0,1.0
26.53333333333333,1.0,41.13333333333334,4.0,0.0666666666666666,4.0,140.76666666666665,4.0,0.0666666666666666,5.0,39.11668333333333,1.0,0.0666666666666666,2.0,236.0,1.0,29.633333333333333,3.0,10.333333333333334,4.0,1.0
26.53333333333333,5.0,41.13333333333334,2.0,0.0666666666666666,2.0,140.76666666666665,5.0,0.0666666666666666,4.0,39.11668333333333,4.0,0.0666666666666666,3.0,236.0,3.0,29.633333333333333,2.0,10.333333333333334,4.0,1.0
26.53333333333333,2.0,41.13333333333334,5.0,0.0666666666666666,1.0,140.76666666666665,3.0,0.0666666666666666,2.0,39.11668333333333,4.0,0.0666666666666666,4.0,236.0,5.0,29.633333333333333,4.0,10.333333333333334,2.0,1.0
26.53333333333333,1.0,41.13333333333334,1.0,0.0666666666666666,1.0,140.76666666666665,4.0,0.0666666666666666,1.0,43.91145,5.0,0.0666666666666666,1.0,235.2,4.0,29.633333333333333,2.0,10.333333333333334,1.0,0.0
26.53333333333333,2.0,41.13333333333334,5.0,0.0666666666666666,3.0,140.76666666666665,1.0,0.0666666666666666,5.0,43.91145,4.0,0.0666666666666666,1.0,235.2,4.0,29.633333333333333,4.0,10.333333333333334,4.0,1.0
26.53333333333333,3.0,41.13333333333334,4.0,0.0666666666666666,1.0,140.76666666666665,1.0,0.0666666666666666,5.0,43.91145,2.0,0.0666666666666666,3.0,235.2,2.0,29.633333333333333,2.0,10.333333333333334,3.0,0.0
26.53333333333333,1.0,41.13333333333334,2.0,0.0666666666666666,1.0,140.76666666666665,5.0,0.0666666666666666,2.0,43.91145,2.0,0.0666666666666666,1.0,235.2,3.0,29.633333333333333,5.0,10.333333333333334,3.0,1.0
26.53333333333333,1.0,41.13333333333334,4.0,0.0666666666666666,1.0,140.76666666666665,3.0,0.0666666666666666,2.0,43.91145,1.0,0.0666666666666666,3.0,235.2,5.0,29.633333333333333,1.0,10.333333333333334,5.0,0.0
26.53333333333333,1.0,41.13333333333334,5.0,0.0666666666666666,1.0,140.76666666666665,5.0,0.0666666666666666,4.0,43.91145,2.0,0.0666666666666666,1.0,235.2,4.0,29.633333333333333,1.0,10.333333333333334,4.0,0.0
26.53333333333333,2.0,41.13333333333334,2.0,0.0666666666666666,2.0,140.76666666666665,1.0,0.0666666666666666,2.0,43.91145,4.0,0.0666666666666666,2.0,235.2,4.0,29.633333333333333,5.0,10.333333333333334,4.0,0.0
26.53333333333333,5.0,41.13333333333334,2.0,0.0666666666666666,3.0,140.76666666666665,3.0,0.0666666666666666,4.0,43.91145,3.0,0.0666666666666666,4.0,235.2,5.0,29.633333333333333,2.0,10.333333333333334,5.0,0.0
26.53333333333333,1.0,41.13333333333334,5.0,0.0666666666666666,2.0,140.76666666666665,5.0,0.0666666666666666,1.0,43.91145,3.0,0.0666666666666666,5.0,235.2,1.0,29.633333333333333,2.0,10.333333333333334,1.0,0.0
26.53333333333333,4.0,41.13333333333334,2.0,0.0666666666666666,1.0,140.76666666666665,1.0,0.0666666666666666,5.0,43.91145,5.0,0.0666666666666666,2.0,235.2,1.0,29.633333333333333,1.0,10.333333333333334,5.0,0.0
26.53333333333333,2.0,41.13333333333334,4.0,0.0666666666666666,1.0,140.76666666666665,4.0,0.0666666666666666,3.0,43.91145,2.0,0.0666666666666666,4.0,235.2,4.0,29.633333333333333,3.0,10.333333333333334,1.0,0.0
26.53333333333333,1.0,41.13333333333334,1.0,0.0666666666666666,1.0,136.93333333333334,5.0,0.0666666666666666,1.0,45.71756055555556,5.0,0.0666666666666666,1.0,235.2,5.0,14.8,2.0,10.333333333333334,1.0,0.0
26.53333333333333,2.0,41.13333333333334,2.0,0.0666666666666666,4.0,136.93333333333334,2.0,0.0666666666666666,2.0,45.71756055555556,4.0,0.0666666666666666,3.0,235.2,4.0,14.8,1.0,10.333333333333334,3.0,0.0
26.53333333333333,1.0,41.13333333333334,1.0,0.0666666666666666,4.0,136.93333333333334,4.0,0.0666666666666666,5.0,45.71756055555556,2.0,0.0666666666666666,5.0,235.2,2.0,14.8,4.0,10.333333333333334,1.0,0.0
26.53333333333333,5.0,41.13333333333334,2.0,0.0666666666666666,4.0,136.93333333333334,3.0,0.0666666666666666,1.0,45.71756055555556,1.0,0.0666666666666666,4.0,235.2,1.0,14.8,2.0,10.333333333333334,3.0,1.0
26.53333333333333,4.0,41.13333333333334,4.0,0.0666666666666666,4.0,136.93333333333334,5.0,0.0666666666666666,1.0,45.71756055555556,3.0,0.0666666666666666,2.0,235.2,5.0,14.8,3.0,10.333333333333334,1.0,1.0
26.53333333333333,2.0,41.13333333333334,4.0,0.0666666666666666,3.0,136.93333333333334,4.0,0.0666666666666666,3.0,45.71756055555556,5.0,0.0666666666666666,3.0,235.2,1.0,14.8,1.0,10.333333333333334,4.0,0.0
26.53333333333333,1.0,41.13333333333334,2.0,0.0666666666666666,3.0,136.93333333333334,1.0,0.0666666666666666,3.0,45.71756055555556,5.0,0.0666666666666666,1.0,235.2,1.0,14.8,2.0,10.333333333333334,5.0,0.0
26.53333333333333,1.0,41.13333333333334,4.0,0.0666666666666666,1.0,136.93333333333334,4.0,0.0666666666666666,1.0,45.71756055555556,5.0,0.0666666666666666,2.0,235.2,1.0,14.8,2.0,10.333333333333334,1.0,0.0
26.53333333333333,2.0,41.13333333333334,2.0,0.0666666666666666,5.0,136.93333333333334,1.0,0.0666666666666666,2.0,45.71756055555556,1.0,0.0666666666666666,3.0,235.2,2.0,14.8,1.0,10.333333333333334,1.0,1.0
26.53333333333333,4.0,41.13333333333334,5.0,0.0666666666666666,3.0,136.93333333333334,2.0,0.0666666666666666,4.0,45.71756055555556,5.0,0.0666666666666666,1.0,235.2,5.0,14.8,5.0,10.333333333333334,1.0,0.0
26.53333333333333,1.0,41.13333333333334,4.0,0.0666666666666666,1.0,136.93333333333334,4.0,0.0666666666666666,2.0,45.71756055555556,1.0,0.0666666666666666,1.0,235.2,1.0,14.8,3.0,10.333333333333334,1.0,0.0
26.53333333333333,1.0,41.13333333333333,1.0,0.0666666666666666,1.0,127.46666666666668,5.0,0.0666666666666666,1.0,45.97116833333333,5.0,0.0666666666666666,1.0,214.0,5.0,14.8,2.0,10.333333333333334,1.0,0.0
26.53333333333333,2.0,41.13333333333333,5.0,0.0666666666666666,4.0,127.46666666666668,4.0,0.0666666666666666,1.0,45.97116833333333,4.0,0.0666666666666666,3.0,214.0,5.0,14.8,3.0,10.333333333333334,4.0,1.0
26.53333333333333,1.0,41.13333333333333,5.0,0.0666666666666666,4.0,127.46666666666668,2.0,0.0666666666666666,4.0,45.97116833333333,1.0,0.0666666666666666,1.0,214.0,3.0,14.8,4.0,10.333333333333334,5.0,0.0
26.53333333333333,5.0,41.13333333333333,3.0,0.0666666666666666,5.0,127.46666666666668,1.0,0.0666666666666666,1.0,45.97116833333333,1.0,0.0666666666666666,5.0,214.0,1.0,14.8,5.0,10.333333333333334,4.0,0.0
26.53333333333333,1.0,41.13333333333333,1.0,0.0666666666666666,3.0,127.46666666666668,2.0,0.0666666666666666,2.0,45.97116833333333,1.0,0.0666666666666666,4.0,214.0,1.0,14.8,2.0,10.333333333333334,3.0,0.0
26.53333333333333,2.0,41.13333333333333,4.0,0.0666666666666666,4.0,127.46666666666668,2.0,0.0666666666666666,2.0,45.97116833333333,3.0,0.0666666666666666,3.0,214.0,1.0,14.8,3.0,10.333333333333334,1.0,0.0
26.53333333333333,3.0,41.13333333333333,4.0,0.0666666666666666,2.0,127.46666666666668,5.0,0.0666666666666666,5.0,45.97116833333333,5.0,0.0666666666666666,4.0,214.0,4.0,14.8,3.0,10.333333333333334,5.0,1.0
26.53333333333333,1.0,41.13333333333333,1.0,0.0666666666666666,2.0,127.46666666666668,1.0,0.0666666666666666,2.0,45.97116833333333,1.0,0.0666666666666666,5.0,214.0,1.0,14.8,4.0,10.333333333333334,2.0,0.0
26.53333333333333,5.0,41.13333333333333,4.0,0.0666666666666666,5.0,127.46666666666668,3.0,0.0666666666666666,4.0,45.97116833333333,1.0,0.0666666666666666,5.0,214.0,4.0,14.8,2.0,10.333333333333334,2.0,1.0
26.53333333333333,5.0,41.13333333333333,2.0,0.0666666666666666,1.0,127.46666666666668,2.0,0.0666666666666666,5.0,45.97116833333333,2.0,0.0666666666666666,3.0,214.0,5.0,14.8,1.0,10.333333333333334,4.0,0.0
26.53333333333333,1.0,41.13333333333333,1.0,0.0666666666666666,4.0,127.46666666666668,5.0,0.0666666666666666,5.0,45.97116833333333,4.0,0.0666666666666666,3.0,214.0,1.0,14.8,2.0,10.333333333333334,4.0,0.0
26.5,1.0,41.13333333333333,1.0,0.0,1.0,127.46666666666668,5.0,0.0666666666666666,1.0,45.84027722222222,5.0,0.0666666666666666,1.0,214.0,5.0,26.87405333333333,2.0,9.233333333333333,1.0,0.0
26.5,1.0,41.13333333333333,3.0,0.0,2.0,127.46666666666668,1.0,0.0666666666666666,1.0,45.84027722222222,3.0,0.0666666666666666,2.0,214.0,1.0,26.87405333333333,3.0,9.233333333333333,1.0,1.0
26.5,3.0,41.13333333333333,5.0,0.0,2.0,127.46666666666668,2.0,0.0666666666666666,2.0,45.84027722222222,2.0,0.0666666666666666,4.0,214.0,2.0,26.87405333333333,4.0,9.233333333333333,5.0,0.0
26.5,4.0,41.13333333333333,5.0,0.0,4.0,127.46666666666668,2.0,0.0666666666666666,1.0,45.84027722222222,1.0,0.0666666666666666,5.0,214.0,3.0,26.87405333333333,2.0,9.233333333333333,2.0,0.0
26.5,4.0,41.13333333333333,5.0,0.0,2.0,127.46666666666668,3.0,0.0666666666666666,1.0,45.84027722222222,5.0,0.0666666666666666,3.0,214.0,3.0,26.87405333333333,3.0,9.233333333333333,2.0,0.0
26.5,4.0,41.13333333333333,1.0,0.0,2.0,127.46666666666668,5.0,0.0666666666666666,1.0,45.84027722222222,1.0,0.0666666666666666,5.0,214.0,2.0,26.87405333333333,2.0,9.233333333333333,3.0,1.0
26.5,1.0,41.13333333333333,1.0,0.0,1.0,127.46666666666668,4.0,0.0666666666666666,2.0,45.84027722222222,1.0,0.0666666666666666,1.0,214.0,3.0,26.87405333333333,5.0,9.233333333333333,2.0,0.0
26.5,3.0,41.13333333333333,1.0,0.0,5.0,127.46666666666668,4.0,0.0666666666666666,2.0,45.84027722222222,5.0,0.0666666666666666,2.0,214.0,1.0,26.87405333333333,5.0,9.233333333333333,5.0,0.0
26.5,1.0,41.13333333333333,4.0,0.0,4.0,127.46666666666668,4.0,0.0666666666666666,3.0,45.84027722222222,4.0,0.0666666666666666,3.0,214.0,5.0,26.87405333333333,1.0,9.233333333333333,3.0,0.0
26.5,1.0,41.13333333333333,2.0,0.0,5.0,127.46666666666668,1.0,0.0666666666666666,4.0,45.84027722222222,4.0,0.0666666666666666,3.0,214.0,1.0,26.87405333333333,1.0,9.233333333333333,2.0,1.0
26.5,1.0,41.13333333333333,1.0,0.0,5.0,127.46666666666668,4.0,0.0666666666666666,1.0,45.84027722222222,4.0,0.0666666666666666,1.0,214.0,3.0,26.87405333333333,1.0,9.233333333333333,1.0,0.0
26.5,1.0,41.13333333333333,1.0,0.0,1.0,145.6025,5.0,0.0666666666666666,1.0,45.88472166666666,5.0,0.0,1.0,214.0,5.0,28.157386666666667,2.0,9.233333333333333,1.0,0.0
26.5,3.0,41.13333333333333,2.0,0.0,4.0,145.6025,4.0,0.0666666666666666,4.0,45.88472166666666,3.0,0.0,3.0,214.0,3.0,28.157386666666667,2.0,9.233333333333333,3.0,0.0
26.5,2.0,41.13333333333333,4.0,0.0,5.0,145.6025,3.0,0.0666666666666666,5.0,45.88472166666666,3.0,0.0,1.0,214.0,1.0,28.157386666666667,1.0,9.233333333333333,5.0,0.0
26.5,3.0,41.13333333333333,2.0,0.0,5.0,145.6025,5.0,0.0666666666666666,1.0,45.88472166666666,4.0,0.0,2.0,214.0,1.0,28.157386666666667,5.0,9.233333333333333,1.0,1.0
26.5,3.0,41.13333333333333,3.0,0.0,2.0,145.6025,1.0,0.0666666666666666,1.0,45.88472166666666,5.0,0.0,5.0,214.0,5.0,28.157386666666667,3.0,9.233333333333333,3.0,0.0
26.5,3.0,41.13333333333333,2.0,0.0,3.0,145.6025,1.0,0.0666666666666666,1.0,45.88472166666666,4.0,0.0,5.0,214.0,1.0,28.157386666666667,1.0,9.233333333333333,1.0,0.0
26.5,2.0,41.13333333333333,1.0,0.0,5.0,145.6025,3.0,0.0666666666666666,4.0,45.88472166666666,4.0,0.0,1.0,214.0,5.0,28.157386666666667,3.0,9.233333333333333,4.0,0.0
26.5,5.0,41.13333333333333,3.0,0.0,1.0,145.6025,5.0,0.0666666666666666,5.0,45.88472166666666,3.0,0.0,3.0,214.0,2.0,28.157386666666667,1.0,9.233333333333333,5.0,0.0
26.5,4.0,41.13333333333333,1.0,0.0,1.0,145.6025,2.0,0.0666666666666666,3.0,45.88472166666666,2.0,0.0,1.0,214.0,2.0,28.157386666666667,2.0,9.233333333333333,3.0,0.0
26.5,5.0,41.13333333333333,2.0,0.0,5.0,145.6025,3.0,0.0666666666666666,1.0,45.88472166666666,2.0,0.0,4.0,214.0,5.0,28.157386666666667,2.0,9.233333333333333,1.0,1.0
26.5,4.0,41.13333333333333,3.0,0.0,3.0,145.6025,4.0,0.0666666666666666,5.0,45.88472166666666,4.0,0.0,1.0,214.0,3.0,28.157386666666667,5.0,9.233333333333333,4.0,1.0
26.5,1.0,41.933333333333344,1.0,0.0,1.0,148.74694444444444,5.0,0.0,1.0,46.3,5.0,0.0,1.0,214.0,5.0,29.44072,2.0,9.233333333333333,1.0,1.0
26.5,5.0,41.933333333333344,1.0,0.0,3.0,148.74694444444444,1.0,0.0,5.0,46.3,1.0,0.0,1.0,214.0,2.0,29.44072,2.0,9.233333333333333,3.0,1.0
26.5,2.0,41.933333333333344,2.0,0.0,3.0,148.74694444444444,3.0,0.0,5.0,46.3,3.0,0.0,3.0,214.0,4.0,29.44072,1.0,9.233333333333333,4.0,1.0
26.5,5.0,41.933333333333344,2.0,0.0,1.0,148.74694444444444,2.0,0.0,2.0,46.3,3.0,0.0,5.0,214.0,3.0,29.44072,1.0,9.233333333333333,2.0,1.0
26.5,4.0,41.933333333333344,2.0,0.0,3.0,148.74694444444444,4.0,0.0,2.0,46.3,4.0,0.0,2.0,214.0,1.0,29.44072,2.0,9.233333333333333,3.0,1.0
26.5,1.0,41.933333333333344,5.0,0.0,3.0,148.74694444444444,1.0,0.0,5.0,46.3,5.0,0.0,1.0,214.0,1.0,29.44072,2.0,9.233333333333333,3.0,1.0
26.5,4.0,41.933333333333344,3.0,0.0,4.0,148.74694444444444,1.0,0.0,4.0,46.3,5.0,0.0,3.0,214.0,3.0,29.44072,2.0,9.233333333333333,5.0,1.0
26.5,1.0,41.933333333333344,2.0,0.0,1.0,148.74694444444444,5.0,0.0,3.0,46.3,5.0,0.0,4.0,214.0,3.0,29.44072,3.0,9.233333333333333,2.0,1.0
26.5,3.0,41.933333333333344,4.0,0.0,5.0,148.74694444444444,3.0,0.0,5.0,46.3,5.0,0.0,3.0,214.0,3.0,29.44072,1.0,9.233333333333333,2.0,1.0
26.5,5.0,41.933333333333344,1.0,0.0,2.0,148.74694444444444,4.0,0.0,2.0,46.3,5.0,0.0,4.0,214.0,1.0,29.44072,2.0,9.233333333333333,4.0,1.0
26.5,5.0,41.933333333333344,5.0,0.0,5.0,148.74694444444444,1.0,0.0,4.0,46.3,1.0,0.0,1.0,214.0,4.0,29.44072,3.0,9.233333333333333,4.0,1.0
26.5,1.0,41.933333333333344,1.0,0.0,1.0,151.89138888888888,5.0,0.0,1.0,45.66666666666666,5.0,0.0,1.0,202.56666666666663,5.0,30.2,2.0,9.233333333333333,1.0,1.0
26.5,5.0,41.933333333333344,1.0,0.0,3.0,151.89138888888888,5.0,0.0,3.0,45.66666666666666,3.0,0.0,3.0,202.56666666666663,5.0,30.2,1.0,9.233333333333333,5.0,1.0
26.5,5.0,41.933333333333344,5.0,0.0,3.0,151.89138888888888,3.0,0.0,2.0,45.66666666666666,2.0,0.0,5.0,202.56666666666663,3.0,30.2,4.0,9.233333333333333,1.0,1.0
26.5,4.0,41.933333333333344,4.0,0.0,5.0,151.89138888888888,1.0,0.0,3.0,45.66666666666666,3.0,0.0,3.0,202.56666666666663,1.0,30.2,3.0,9.233333333333333,2.0,1.0
26.5,4.0,41.933333333333344,2.0,0.0,3.0,151.89138888888888,4.0,0.0,1.0,45.66666666666666,4.0,0.0,4.0,202.56666666666663,1.0,30.2,1.0,9.233333333333333,5.0,1.0
26.5,2.0,41.933333333333344,5.0,0.0,3.0,151.89138888888888,2.0,0.0,2.0,45.66666666666666,4.0,0.0,1.0,202.56666666666663,3.0,30.2,2.0,9.233333333333333,1.0,1.0
26.5,2.0,41.933333333333344,3.0,0.0,4.0,151.89138888888888,1.0,0.0,5.0,45.66666666666666,5.0,0.0,4.0,202.56666666666663,5.0,30.2,3.0,9.233333333333333,5.0,1.0
26.5,4.0,41.933333333333344,3.0,0.0,1.0,151.89138888888888,3.0,0.0,5.0,45.66666666666666,5.0,0.0,3.0,202.56666666666663,2.0,30.2,4.0,9.233333333333333,1.0,1.0
26.5,1.0,41.933333333333344,3.0,0.0,5.0,151.89138888888888,2.0,0.0,3.0,45.66666666666666,2.0,0.0,3.0,202.56666666666663,1.0,30.2,3.0,9.233333333333333,3.0,1.0
26.5,2.0,41.933333333333344,2.0,0.0,4.0,151.89138888888888,1.0,0.0,1.0,45.66666666666666,1.0,0.0,5.0,202.56666666666663,2.0,30.2,1.0,9.233333333333333,5.0,1.0
26.5,1.0,41.933333333333344,2.0,0.0,1.0,151.89138888888888,4.0,0.0,4.0,45.66666666666666,4.0,0.0,2.0,202.56666666666663,2.0,30.2,5.0,9.233333333333333,5.0,1.0
26.5,1.0,41.933333333333344,1.0,0.0,1.0,147.3025,5.0,0.0,1.0,45.63333333333333,5.0,0.0,1.0,202.56666666666663,5.0,30.96666666666667,2.0,9.233333333333333,1.0,1.0
26.5,1.0,41.933333333333344,4.0,0.0,5.0,147.3025,3.0,0.0,4.0,45.63333333333333,1.0,0.0,1.0,202.56666666666663,1.0,30.96666666666667,1.0,9.233333333333333,5.0,1.0
26.5,4.0,41.933333333333344,4.0,0.0,2.0,147.3025,5.0,0.0,1.0,45.63333333333333,5.0,0.0,1.0,202.56666666666663,1.0,30.96666666666667,1.0,9.233333333333333,4.0,1.0
26.5,2.0,41.933333333333344,3.0,0.0,3.0,147.3025,4.0,0.0,2.0,45.63333333333333,1.0,0.0,2.0,202.56666666666663,2.0,30.96666666666667,4.0,9.233333333333333,4.0,1.0
26.5,1.0,41.933333333333344,4.0,0.0,1.0,147.3025,4.0,0.0,2.0,45.63333333333333,2.0,0.0,3.0,202.56666666666663,2.0,30.96666666666667,4.0,9.233333333333333,5.0,1.0
26.5,5.0,41.933333333333344,3.0,0.0,3.0,147.3025,3.0,0.0,4.0,45.63333333333333,3.0,0.0,3.0,202.56666666666663,3.0,30.96666666666667,2.0,9.233333333333333,3.0,1.0
26.5,4.0,41.933333333333344,3.0,0.0,5.0,147.3025,5.0,0.0,3.0,45.63333333333333,5.0,0.0,1.0,202.56666666666663,5.0,30.96666666666667,2.0,9.233333333333333,3.0,1.0
26.5,2.0,41.933333333333344,3.0,0.0,2.0,147.3025,4.0,0.0,1.0,45.63333333333333,5.0,0.0,5.0,202.56666666666663,3.0,30.96666666666667,3.0,9.233333333333333,4.0,1.0
26.5,1.0,41.933333333333344,4.0,0.0,2.0,147.3025,4.0,0.0,2.0,45.63333333333333,4.0,0.0,4.0,202.56666666666663,2.0,30.96666666666667,4.0,9.233333333333333,3.0,1.0
26.5,2.0,41.933333333333344,3.0,0.0,5.0,147.3025,1.0,0.0,5.0,45.63333333333333,5.0,0.0,3.0,202.56666666666663,4.0,30.96666666666667,2.0,9.233333333333333,1.0,1.0
26.5,3.0,41.933333333333344,5.0,0.0,2.0,147.3025,4.0,0.0,4.0,45.63333333333333,4.0,0.0,2.0,202.56666666666663,2.0,30.96666666666667,3.0,9.233333333333333,5.0,1.0
26.5,1.0,41.93333333333334,1.0,0.0,1.0,147.94694444444443,5.0,0.0,1.0,45.63333333333333,5.0,0.0,1.0,250.7837655555556,5.0,30.96666666666667,2.0,9.233333333333333,1.0,1.0
26.5,5.0,41.93333333333334,3.0,0.0,5.0,147.94694444444443,3.0,0.0,2.0,45.63333333333333,1.0,0.0,4.0,250.7837655555556,4.0,30.96666666666667,5.0,9.233333333333333,4.0,1.0
26.5,1.0,41.93333333333334,3.0,0.0,4.0,147.94694444444443,3.0,0.0,3.0,45.63333333333333,5.0,0.0,4.0,250.7837655555556,4.0,30.96666666666667,3.0,9.233333333333333,2.0,1.0
26.5,3.0,41.93333333333334,5.0,0.0,4.0,147.94694444444443,4.0,0.0,1.0,45.63333333333333,5.0,0.0,2.0,250.7837655555556,5.0,30.96666666666667,3.0,9.233333333333333,5.0,1.0
26.5,5.0,41.93333333333334,4.0,0.0,5.0,147.94694444444443,4.0,0.0,5.0,45.63333333333333,1.0,0.0,1.0,250.7837655555556,3.0,30.96666666666667,5.0,9.233333333333333,4.0,1.0
26.5,3.0,41.93333333333334,3.0,0.0,4.0,147.94694444444443,5.0,0.0,5.0,45.63333333333333,1.0,0.0,3.0,250.7837655555556,2.0,30.96666666666667,4.0,9.233333333333333,3.0,1.0
26.5,5.0,41.93333333333334,3.0,0.0,4.0,147.94694444444443,1.0,0.0,5.0,45.63333333333333,1.0,0.0,2.0,250.7837655555556,5.0,30.96666666666667,5.0,9.233333333333333,3.0,1.0
26.5,3.0,41.93333333333334,1.0,0.0,5.0,147.94694444444443,1.0,0.0,1.0,45.63333333333333,3.0,0.0,1.0,250.7837655555556,1.0,30.96666666666667,4.0,9.233333333333333,4.0,1.0
26.5,2.0,41.93333333333334,4.0,0.0,4.0,147.94694444444443,2.0,0.0,4.0,45.63333333333333,3.0,0.0,5.0,250.7837655555556,1.0,30.96666666666667,2.0,9.233333333333333,2.0,1.0
26.5,2.0,41.93333333333334,5.0,0.0,4.0,147.94694444444443,3.0,0.0,3.0,45.63333333333333,5.0,0.0,3.0,250.7837655555556,2.0,30.96666666666667,1.0,9.233333333333333,2.0,1.0
26.5,4.0,41.93333333333334,3.0,0.0,3.0,147.94694444444443,3.0,0.0,5.0,45.63333333333333,5.0,0.0,1.0,250.7837655555556,1.0,30.96666666666667,2.0,9.233333333333333,5.0,1.0
27.03333333333333,1.0,41.93333333333334,1.0,0.0666666666666666,1.0,149.6,5.0,0.0,1.0,46.36666666666667,5.0,0.0,1.0,254.71233333333333,5.0,31.9,2.0,9.533333333333331,1.0,1.0
27.03333333333333,3.0,41.93333333333334,5.0,0.0666666666666666,4.0,149.6,3.0,0.0,2.0,46.36666666666667,2.0,0.0,1.0,254.71233333333333,3.0,31.9,2.0,9.533333333333331,2.0,1.0
27.03333333333333,1.0,41.93333333333334,4.0,0.0666666666666666,5.0,149.6,3.0,0.0,3.0,46.36666666666667,5.0,0.0,3.0,254.71233333333333,4.0,31.9,3.0,9.533333333333331,3.0,1.0
27.03333333333333,3.0,41.93333333333334,4.0,0.0666666666666666,4.0,149.6,3.0,0.0,1.0,46.36666666666667,5.0,0.0,5.0,254.71233333333333,1.0,31.9,2.0,9.533333333333331,5.0,1.0
27.03333333333333,2.0,41.93333333333334,5.0,0.0666666666666666,4.0,149.6,5.0,0.0,1.0,46.36666666666667,3.0,0.0,3.0,254.71233333333333,5.0,31.9,2.0,9.533333333333331,2.0,1.0
27.03333333333333,1.0,41.93333333333334,4.0,0.0666666666666666,5.0,149.6,1.0,0.0,2.0,46.36666666666667,2.0,0.0,5.0,254.71233333333333,3.0,31.9,2.0,9.533333333333331,2.0,1.0
27.03333333333333,3.0,41.93333333333334,2.0,0.0666666666666666,1.0,149.6,5.0,0.0,3.0,46.36666666666667,2.0,0.0,4.0,254.71233333333333,4.0,31.9,1.0,9.533333333333331,1.0,1.0
27.03333333333333,1.0,41.93333333333334,4.0,0.0666666666666666,4.0,149.6,4.0,0.0,4.0,46.36666666666667,3.0,0.0,3.0,254.71233333333333,4.0,31.9,2.0,9.533333333333331,5.0,1.0
27.03333333333333,5.0,41.93333333333334,5.0,0.0666666666666666,5.0,149.6,2.0,0.0,1.0,46.36666666666667,3.0,0.0,4.0,254.71233333333333,4.0,31.9,2.0,9.533333333333331,2.0,1.0
27.03333333333333,3.0,41.93333333333334,5.0,0.0666666666666666,1.0,149.6,2.0,0.0,2.0,46.36666666666667,5.0,0.0,3.0,254.71233333333333,1.0,31.9,2.0,9.533333333333331,1.0,1.0
27.03333333333333,3.0,41.93333333333334,5.0,0.0666666666666666,3.0,149.6,5.0,0.0,4.0,46.36666666666667,5.0,0.0,2.0,254.71233333333333,5.0,31.9,2.0,9.533333333333331,3.0,1.0
27.03333333333333,1.0,41.93333333333334,1.0,0.0666666666666666,1.0,133.5,5.0,0.0,1.0,46.36666666666667,5.0,0.0666666666666666,1.0,254.8333333333333,5.0,31.9,2.0,9.533333333333331,1.0,1.0
27.03333333333333,4.0,41.93333333333334,2.0,0.0666666666666666,2.0,133.5,1.0,0.0,1.0,46.36666666666667,3.0,0.0666666666666666,5.0,254.8333333333333,2.0,31.9,3.0,9.533333333333331,5.0,1.0
27.03333333333333,4.0,41.93333333333334,1.0,0.0666666666666666,3.0,133.5,1.0,0.0,2.0,46.36666666666667,2.0,0.0666666666666666,4.0,254.8333333333333,1.0,31.9,2.0,9.533333333333331,2.0,1.0
27.03333333333333,2.0,41.93333333333334,4.0,0.0666666666666666,2.0,133.5,2.0,0.0,3.0,46.36666666666667,4.0,0.0666666666666666,1.0,254.8333333333333,5.0,31.9,5.0,9.533333333333331,4.0,1.0
27.03333333333333,3.0,41.93333333333334,4.0,0.0666666666666666,3.0,133.5,2.0,0.0,2.0,46.36666666666667,1.0,0.0666666666666666,5.0,254.8333333333333,2.0,31.9,2.0,9.533333333333331,5.0,1.0
27.03333333333333,3.0,41.93333333333334,4.0,0.0666666666666666,2.0,133.5,2.0,0.0,4.0,46.36666666666667,3.0,0.0666666666666666,1.0,254.8333333333333,5.0,31.9,3.0,9.533333333333331,4.0,1.0
27.03333333333333,2.0,41.93333333333334,3.0,0.0666666666666666,4.0,133.5,5.0,0.0,2.0,46.36666666666667,4.0,0.0666666666666666,5.0,254.8333333333333,4.0,31.9,1.0,9.533333333333331,1.0,1.0
27.03333333333333,2.0,41.93333333333334,1.0,0.0666666666666666,4.0,133.5,5.0,0.0,3.0,46.36666666666667,3.0,0.0666666666666666,4.0,254.8333333333333,3.0,31.9,3.0,9.533333333333331,3.0,1.0
27.03333333333333,2.0,41.93333333333334,1.0,0.0666666666666666,3.0,133.5,5.0,0.0,1.0,46.36666666666667,2.0,0.0666666666666666,2.0,254.8333333333333,5.0,31.9,3.0,9.533333333333331,3.0,1.0
27.03333333333333,4.0,41.93333333333334,2.0,0.0666666666666666,4.0,133.5,1.0,0.0,1.0,46.36666666666667,5.0,0.0666666666666666,4.0,254.8333333333333,1.0,31.9,3.0,9.533333333333331,1.0,1.0
27.03333333333333,4.0,41.93333333333334,4.0,0.0666666666666666,2.0,133.5,2.0,0.0,2.0,46.36666666666667,2.0,0.0666666666666666,2.0,254.8333333333333,2.0,31.9,3.0,9.533333333333331,5.0,1.0
27.03333333333333,1.0,39.76666666666667,1.0,0.0666666666666666,1.0,133.5,5.0,0.1,1.0,46.66666666666666,5.0,0.0666666666666666,1.0,254.8333333333333,5.0,31.9,2.0,9.533333333333331,1.0,1.0
27.03333333333333,4.0,39.76666666666667,2.0,0.0666666666666666,5.0,133.5,2.0,0.1,5.0,46.66666666666666,2.0,0.0666666666666666,3.0,254.8333333333333,2.0,31.9,4.0,9.533333333333331,2.0,1.0
27.03333333333333,5.0,39.76666666666667,1.0,0.0666666666666666,3.0,133.5,1.0,0.1,5.0,46.66666666666666,3.0,0.0666666666666666,4.0,254.8333333333333,5.0,31.9,3.0,9.533333333333331,1.0,1.0
27.03333333333333,2.0,39.76666666666667,2.0,0.0666666666666666,5.0,133.5,5.0,0.1,3.0,46.66666666666666,5.0,0.0666666666666666,2.0,254.8333333333333,4.0,31.9,2.0,9.533333333333331,2.0,1.0
27.03333333333333,2.0,39.76666666666667,3.0,0.0666666666666666,2.0,133.5,2.0,0.1,2.0,46.66666666666666,1.0,0.0666666666666666,5.0,254.8333333333333,2.0,31.9,1.0,9.533333333333331,3.0,1.0
27.03333333333333,5.0,39.76666666666667,2.0,0.0666666666666666,5.0,133.5,4.0,0.1,4.0,46.66666666666666,2.0,0.0666666666666666,1.0,254.8333333333333,2.0,31.9,5.0,9.533333333333331,4.0,1.0
27.03333333333333,4.0,39.76666666666667,5.0,0.0666666666666666,2.0,133.5,2.0,0.1,5.0,46.66666666666666,3.0,0.0666666666666666,2.0,254.8333333333333,2.0,31.9,5.0,9.533333333333331,1.0,1.0
27.03333333333333,1.0,39.76666666666667,4.0,0.0666666666666666,1.0,133.5,1.0,0.1,5.0,46.66666666666666,3.0,0.0666666666666666,4.0,254.8333333333333,3.0,31.9,1.0,9.533333333333331,1.0,1.0
27.03333333333333,4.0,39.76666666666667,1.0,0.0666666666666666,3.0,133.5,2.0,0.1,2.0,46.66666666666666,5.0,0.0666666666666666,4.0,254.8333333333333,4.0,31.9,2.0,9.533333333333331,2.0,1.0
27.03333333333333,4.0,39.76666666666667,1.0,0.0666666666666666,2.0,133.5,4.0,0.1,4.0,46.66666666666666,1.0,0.0666666666666666,4.0,254.8333333333333,3.0,31.9,2.0,9.533333333333331,4.0,1.0
27.03333333333333,5.0,39.76666666666667,3.0,0.0666666666666666,2.0,133.5,2.0,0.1,3.0,46.66666666666666,1.0,0.0666666666666666,3.0,254.8333333333333,1.0,31.9,1.0,9.533333333333331,3.0,1.0
27.03333333333333,1.0,39.76666666666667,1.0,0.0666666666666666,1.0,133.5,5.0,0.1,1.0,46.5,5.0,0.0666666666666666,1.0,252.6,5.0,31.9,2.0,9.533333333333331,1.0,1.0
27.03333333333333,4.0,39.76666666666667,5.0,0.0666666666666666,1.0,133.5,2.0,0.1,3.0,46.5,3.0,0.0666666666666666,5.0,252.6,4.0,31.9,3.0,9.533333333333331,1.0,1.0
27.03333333333333,1.0,39.76666666666667,1.0,0.0666666666666666,4.0,133.5,2.0,0.1,2.0,46.5,4.0,0.0666666666666666,5.0,252.6,3.0,31.9,5.0,9.533333333333331,4.0,1.0
27.03333333333333,4.0,39.76666666666667,5.0,0.0666666666666666,1.0,133.5,4.0,0.1,5.0,46.5,5.0,0.0666666666666666,3.0,252.6,4.0,31.9,5.0,9.533333333333331,5.0,1.0
27.03333333333333,5.0,39.76666666666667,5.0,0.0666666666666666,2.0,133.5,4.0,0.1,3.0,46.5,5.0,0.0666666666666666,5.0,252.6,5.0,31.9,3.0,9.533333333333331,3.0,1.0
27.03333333333333,1.0,39.76666666666667,4.0,0.0666666666666666,3.0,133.5,3.0,0.1,4.0,46.5,5.0,0.0666666666666666,1.0,252.6,3.0,31.9,4.0,9.533333333333331,5.0,1.0
27.03333333333333,4.0,39.76666666666667,4.0,0.0666666666666666,5.0,133.5,5.0,0.1,4.0,46.5,2.0,0.0666666666666666,3.0,252.6,4.0,31.9,1.0,9.533333333333331,4.0,1.0
27.03333333333333,3.0,39.76666666666667,5.0,0.0666666666666666,2.0,133.5,5.0,0.1,3.0,46.5,3.0,0.0666666666666666,4.0,252.6,3.0,31.9,5.0,9.533333333333331,1.0,1.0
27.03333333333333,4.0,39.76666666666667,5.0,0.0666666666666666,2.0,133.5,2.0,0.1,3.0,46.5,4.0,0.0666666666666666,5.0,252.6,4.0,31.9,4.0,9.533333333333331,3.0,1.0
27.03333333333333,4.0,39.76666666666667,2.0,0.0666666666666666,3.0,133.5,1.0,0.1,1.0,46.5,5.0,0.0666666666666666,5.0,252.6,3.0,31.9,1.0,9.533333333333331,1.0,1.0
27.03333333333333,1.0,39.76666666666667,4.0,0.0666666666666666,2.0,133.5,2.0,0.1,5.0,46.5,5.0,0.0666666666666666,4.0,252.6,2.0,31.9,3.0,9.533333333333331,2.0,1.0
27.03333333333333,1.0,39.76666666666667,1.0,0.0666666666666666,1.0,130.66666666666666,5.0,0.1,1.0,45.96666666666667,5.0,0.0666666666666666,1.0,252.6,5.0,31.4,2.0,9.533333333333331,1.0,1.0
27.03333333333333,5.0,39.76666666666667,1.0,0.0666666666666666,4.0,130.66666666666666,3.0,0.1,4.0,45.96666666666667,3.0,0.0666666666666666,1.0,252.6,4.0,31.4,4.0,9.533333333333331,3.0,1.0
27.03333333333333,2.0,39.76666666666667,2.0,0.0666666666666666,3.0,130.66666666666666,2.0,0.1,2.0,45.96666666666667,2.0,0.0666666666666666,1.0,252.6,5.0,31.4,2.0,9.533333333333331,1.0,1.0
27.03333333333333,1.0,39.76666666666667,5.0,0.0666666666666666,3.0,130.66666666666666,2.0,0.1,3.0,45.96666666666667,1.0,0.0666666666666666,2.0,252.6,2.0,31.4,5.0,9.533333333333331,1.0,1.0
27.03333333333333,3.0,39.76666666666667,4.0,0.0666666666666666,5.0,130.66666666666666,3.0,0.1,2.0,45.96666666666667,2.0,0.0666666666666666,2.0,252.6,4.0,31.4,2.0,9.533333333333331,4.0,1.0
27.03333333333333,4.0,39.76666666666667,5.0,0.0666666666666666,2.0,130.66666666666666,5.0,0.1,3.0,45.96666666666667,4.0,0.0666666666666666,4.0,252.6,5.0,31.4,3.0,9.533333333333331,4.0,1.0
27.03333333333333,2.0,39.76666666666667,3.0,0.0666666666666666,3.0,130.66666666666666,4.0,0.1,4.0,45.96666666666667,1.0,0.0666666666666666,5.0,252.6,4.0,31.4,1.0,9.533333333333331,5.0,1.0
27.03333333333333,4.0,39.76666666666667,1.0,0.0666666666666666,3.0,130.66666666666666,5.0,0.1,2.0,45.96666666666667,5.0,0.0666666666666666,3.0,252.6,2.0,31.4,2.0,9.533333333333331,3.0,1.0
27.03333333333333,4.0,39.76666666666667,5.0,0.0666666666666666,1.0,130.66666666666666,5.0,0.1,3.0,45.96666666666667,1.0,0.0666666666666666,5.0,252.6,2.0,31.4,4.0,9.533333333333331,4.0,1.0
27.03333333333333,1.0,39.76666666666667,2.0,0.0666666666666666,4.0,130.66666666666666,2.0,0.1,1.0,45.96666666666667,1.0,0.0666666666666666,5.0,252.6,1.0,31.4,1.0,9.533333333333331,3.0,1.0
27.03333333333333,1.0,39.76666666666667,4.0,0.0666666666666666,3.0,130.66666666666666,4.0,0.1,3.0,45.96666666666667,4.0,0.0666666666666666,4.0,252.6,3.0,31.4,1.0,9.533333333333331,2.0,1.0
27.03333333333333,1.0,39.766666666666666,1.0,0.0666666666666666,1.0,129.8,5.0,0.1,1.0,45.96666666666667,5.0,0.0666666666666666,1.0,264.7,5.0,31.4,2.0,9.533333333333331,1.0,1.0
27.03333333333333,1.0,39.766666666666666,1.0,0.0666666666666666,2.0,129.8,2.0,0.1,1.0,45.96666666666667,2.0,0.0666666666666666,3.0,264.7,1.0,31.4,2.0,9.533333333333331,1.0,1.0
27.03333333333333,3.0,39.766666666666666,4.0,0.0666666666666666,4.0,129.8,4.0,0.1,4.0,45.96666666666667,5.0,0.0666666666666666,2.0,264.7,4.0,31.4,5.0,9.533333333333331,3.0,1.0
27.03333333333333,5.0,39.766666666666666,1.0,0.0666666666666666,5.0,129.8,3.0,0.1,2.0,45.96666666666667,1.0,0.0666666666666666,4.0,264.7,3.0,31.4,2.0,9.533333333333331,2.0,1.0
27.03333333333333,5.0,39.766666666666666,3.0,0.0666666666666666,1.0,129.8,2.0,0.1,1.0,45.96666666666667,4.0,0.0666666666666666,5.0,264.7,5.0,31.4,4.0,9.533333333333331,4.0,1.0
27.03333333333333,3.0,39.766666666666666,4.0,0.0666666666666666,1.0,129.8,3.0,0.1,3.0,45.96666666666667,1.0,0.0666666666666666,3.0,264.7,4.0,31.4,2.0,9.533333333333331,3.0,1.0
27.03333333333333,2.0,39.766666666666666,2.0,0.0666666666666666,1.0,129.8,2.0,0.1,5.0,45.96666666666667,5.0,0.0666666666666666,4.0,264.7,4.0,31.4,4.0,9.533333333333331,3.0,1.0
27.03333333333333,3.0,39.766666666666666,4.0,0.0666666666666666,4.0,129.8,3.0,0.1,3.0,45.96666666666667,3.0,0.0666666666666666,2.0,264.7,2.0,31.4,1.0,9.533333333333331,3.0,1.0
27.03333333333333,4.0,39.766666666666666,4.0,0.0666666666666666,5.0,129.8,1.0,0.1,4.0,45.96666666666667,4.0,0.0666666666666666,3.0,264.7,2.0,31.4,2.0,9.533333333333331,4.0,1.0
27.03333333333333,5.0,39.766666666666666,4.0,0.0666666666666666,3.0,129.8,4.0,0.1,1.0,45.96666666666667,4.0,0.0666666666666666,1.0,264.7,5.0,31.4,5.0,9.533333333333331,3.0,1.0
27.03333333333333,2.0,39.766666666666666,4.0,0.0666666666666666,4.0,129.8,4.0,0.1,3.0,45.96666666666667,2.0,0.0666666666666666,1.0,264.7,2.0,31.4,3.0,9.533333333333331,3.0,1.0
31.3,1.0,39.766666666666666,1.0,0.1666666666666666,1.0,162.01347333333334,5.0,0.1,1.0,47.833333333333336,5.0,0.0666666666666666,1.0,264.7,5.0,34.36666666666667,2.0,10.733333333333334,1.0,1.0
31.3,3.0,39.766666666666666,2.0,0.1666666666666666,5.0,162.01347333333334,2.0,0.1,5.0,47.833333333333336,2.0,0.0666666666666666,3.0,264.7,4.0,34.36666666666667,2.0,10.733333333333334,2.0,1.0
31.3,2.0,39.766666666666666,5.0,0.1666666666666666,1.0,162.01347333333334,3.0,0.1,4.0,47.833333333333336,4.0,0.0666666666666666,3.0,264.7,1.0,34.36666666666667,1.0,10.733333333333334,3.0,1.0
31.3,5.0,39.766666666666666,1.0,0.1666666666666666,5.0,162.01347333333334,4.0,0.1,1.0,47.833333333333336,2.0,0.0666666666666666,2.0,264.7,5.0,34.36666666666667,3.0,10.733333333333334,2.0,1.0
31.3,2.0,39.766666666666666,3.0,0.1666666666666666,1.0,162.01347333333334,2.0,0.1,1.0,47.833333333333336,4.0,0.0666666666666666,4.0,264.7,3.0,34.36666666666667,1.0,10.733333333333334,2.0,1.0
31.3,5.0,39.766666666666666,2.0,0.1666666666666666,1.0,162.01347333333334,1.0,0.1,5.0,47.833333333333336,1.0,0.0666666666666666,3.0,264.7,5.0,34.36666666666667,4.0,10.733333333333334,3.0,1.0
31.3,2.0,39.766666666666666,1.0,0.1666666666666666,1.0,162.01347333333334,5.0,0.1,1.0,47.833333333333336,1.0,0.0666666666666666,5.0,264.7,3.0,34.36666666666667,2.0,10.733333333333334,4.0,1.0
31.3,3.0,39.766666666666666,5.0,0.1666666666666666,3.0,162.01347333333334,4.0,0.1,5.0,47.833333333333336,3.0,0.0666666666666666,2.0,264.7,5.0,34.36666666666667,2.0,10.733333333333334,1.0,1.0
31.3,3.0,39.766666666666666,5.0,0.1666666666666666,1.0,162.01347333333334,5.0,0.1,5.0,47.833333333333336,5.0,0.0666666666666666,3.0,264.7,2.0,34.36666666666667,3.0,10.733333333333334,1.0,1.0
31.3,5.0,39.766666666666666,4.0,0.1666666666666666,3.0,162.01347333333334,3.0,0.1,4.0,47.833333333333336,3.0,0.0666666666666666,5.0,264.7,5.0,34.36666666666667,5.0,10.733333333333334,4.0,1.0
31.3,4.0,39.766666666666666,2.0,0.1666666666666666,1.0,162.01347333333334,3.0,0.1,5.0,47.833333333333336,1.0,0.0666666666666666,3.0,264.7,1.0,34.36666666666667,3.0,10.733333333333334,1.0,1.0
31.3,1.0,39.766666666666666,1.0,0.1666666666666666,1.0,181.839515,5.0,0.1,1.0,47.833333333333336,5.0,0.1666666666666666,1.0,264.7,5.0,34.36666666666667,2.0,10.733333333333334,1.0,1.0
31.3,4.0,39.766666666666666,5.0,0.1666666666666666,4.0,181.839515,4.0,0.1,2.0,47.833333333333336,3.0,0.1666666666666666,1.0,264.7,2.0,34.36666666666667,3.0,10.733333333333334,4.0,1.0
31.3,1.0,39.766666666666666,5.0,0.1666666666666666,3.0,181.839515,5.0,0.1,3.0,47.833333333333336,3.0,0.1666666666666666,4.0,264.7,5.0,34.36666666666667,1.0,10.733333333333334,3.0,1.0
31.3,1.0,39.766666666666666,3.0,0.1666666666666666,5.0,181.839515,5.0,0.1,2.0,47.833333333333336,2.0,0.1666666666666666,3.0,264.7,2.0,34.36666666666667,1.0,10.733333333333334,2.0,1.0
31.3,3.0,39.766666666666666,3.0,0.1666666666666666,5.0,181.839515,3.0,0.1,2.0,47.833333333333336,4.0,0.1666666666666666,4.0,264.7,3.0,34.36666666666667,3.0,10.733333333333334,2.0,1.0
31.3,5.0,39.766666666666666,5.0,0.1666666666666666,1.0,181.839515,2.0,0.1,2.0,47.833333333333336,5.0,0.1666666666666666,1.0,264.7,2.0,34.36666666666667,2.0,10.733333333333334,3.0,1.0
31.3,2.0,39.766666666666666,3.0,0.1666666666666666,4.0,181.839515,5.0,0.1,1.0,47.833333333333336,1.0,0.1666666666666666,1.0,264.7,5.0,34.36666666666667,4.0,10.733333333333334,3.0,1.0
31.3,4.0,39.766666666666666,3.0,0.1666666666666666,2.0,181.839515,3.0,0.1,4.0,47.833333333333336,1.0,0.1666666666666666,4.0,264.7,3.0,34.36666666666667,1.0,10.733333333333334,2.0,1.0
31.3,3.0,39.766666666666666,2.0,0.1666666666666666,2.0,181.839515,4.0,0.1,3.0,47.833333333333336,3.0,0.1666666666666666,4.0,264.7,1.0,34.36666666666667,2.0,10.733333333333334,1.0,1.0
31.3,5.0,39.766666666666666,1.0,0.1666666666666666,5.0,181.839515,1.0,0.1,2.0,47.833333333333336,4.0,0.1666666666666666,5.0,264.7,1.0,34.36666666666667,2.0,10.733333333333334,5.0,1.0
31.3,2.0,39.766666666666666,2.0,0.1666666666666666,4.0,181.839515,1.0,0.1,5.0,47.833333333333336,5.0,0.1666666666666666,5.0,264.7,2.0,34.36666666666667,1.0,10.733333333333334,3.0,1.0
31.3,1.0,55.40000000000001,1.0,0.1666666666666666,1.0,185.0687038888889,5.0,0.1333333333333333,1.0,50.16666666666666,5.0,0.1666666666666666,1.0,264.7,5.0,34.36666666666667,2.0,10.733333333333334,1.0,1.0
31.3,2.0,55.40000000000001,5.0,0.1666666666666666,4.0,185.0687038888889,5.0,0.1333333333333333,4.0,50.16666666666666,4.0,0.1666666666666666,1.0,264.7,1.0,34.36666666666667,1.0,10.733333333333334,3.0,1.0
31.3,2.0,55.40000000000001,5.0,0.1666666666666666,1.0,185.0687038888889,5.0,0.1333333333333333,4.0,50.16666666666666,1.0,0.1666666666666666,1.0,264.7,2.0,34.36666666666667,2.0,10.733333333333334,2.0,1.0
31.3,3.0,55.40000000000001,1.0,0.1666666666666666,1.0,185.0687038888889,4.0,0.1333333333333333,5.0,50.16666666666666,2.0,0.1666666666666666,5.0,264.7,2.0,34.36666666666667,2.0,10.733333333333334,1.0,1.0
31.3,3.0,55.40000000000001,3.0,0.1666666666666666,4.0,185.0687038888889,1.0,0.1333333333333333,1.0,50.16666666666666,3.0,0.1666666666666666,1.0,264.7,1.0,34.36666666666667,4.0,10.733333333333334,5.0,1.0
31.3,3.0,55.40000000000001,1.0,0.1666666666666666,5.0,185.0687038888889,3.0,0.1333333333333333,4.0,50.16666666666666,1.0,0.1666666666666666,3.0,264.7,1.0,34.36666666666667,4.0,10.733333333333334,2.0,1.0
31.3,5.0,55.40000000000001,1.0,0.1666666666666666,4.0,185.0687038888889,1.0,0.1333333333333333,4.0,50.16666666666666,3.0,0.1666666666666666,5.0,264.7,4.0,34.36666666666667,2.0,10.733333333333334,1.0,1.0
31.3,3.0,55.40000000000001,3.0,0.1666666666666666,1.0,185.0687038888889,3.0,0.1333333333333333,2.0,50.16666666666666,2.0,0.1666666666666666,1.0,264.7,2.0,34.36666666666667,2.0,10.733333333333334,1.0,1.0
31.3,3.0,55.40000000000001,2.0,0.1666666666666666,1.0,185.0687038888889,3.0,0.1333333333333333,1.0,50.16666666666666,5.0,0.1666666666666666,3.0,264.7,5.0,34.36666666666667,5.0,10.733333333333334,5.0,1.0
31.3,3.0,55.40000000000001,3.0,0.1666666666666666,4.0,185.0687038888889,1.0,0.1333333333333333,5.0,50.16666666666666,2.0,0.1666666666666666,1.0,264.7,2.0,34.36666666666667,2.0,10.733333333333334,1.0,1.0
31.3,4.0,55.40000000000001,1.0,0.1666666666666666,5.0,185.0687038888889,3.0,0.1333333333333333,4.0,50.16666666666666,2.0,0.1666666666666666,1.0,264.7,1.0,34.36666666666667,4.0,10.733333333333334,4.0,1.0
31.3,1.0,55.40000000000001,1.0,0.1666666666666666,1.0,185.09925944444444,5.0,0.1333333333333333,1.0,58.56666666666666,5.0,0.1666666666666666,1.0,303.76666666666665,5.0,34.36666666666667,2.0,10.733333333333334,1.0,1.0
31.3,2.0,55.40000000000001,2.0,0.1666666666666666,5.0,185.09925944444444,5.0,0.1333333333333333,3.0,58.56666666666666,2.0,0.1666666666666666,2.0,303.76666666666665,3.0,34.36666666666667,3.0,10.733333333333334,1.0,1.0
31.3,1.0,55.40000000000001,3.0,0.1666666666666666,4.0,185.09925944444444,1.0,0.1333333333333333,3.0,58.56666666666666,1.0,0.1666666666666666,2.0,303.76666666666665,4.0,34.36666666666667,2.0,10.733333333333334,2.0,1.0
31.3,5.0,55.40000000000001,1.0,0.1666666666666666,1.0,185.09925944444444,5.0,0.1333333333333333,3.0,58.56666666666666,1.0,0.1666666666666666,3.0,303.76666666666665,3.0,34.36666666666667,2.0,10.733333333333334,3.0,1.0
31.3,4.0,55.40000000000001,2.0,0.1666666666666666,5.0,185.09925944444444,3.0,0.1333333333333333,5.0,58.56666666666666,1.0,0.1666666666666666,2.0,303.76666666666665,4.0,34.36666666666667,5.0,10.733333333333334,2.0,1.0
31.3,5.0,55.40000000000001,1.0,0.1666666666666666,3.0,185.09925944444444,2.0,0.1333333333333333,3.0,58.56666666666666,5.0,0.1666666666666666,4.0,303.76666666666665,4.0,34.36666666666667,2.0,10.733333333333334,5.0,1.0
31.3,3.0,55.40000000000001,4.0,0.1666666666666666,4.0,185.09925944444444,4.0,0.1333333333333333,4.0,58.56666666666666,3.0,0.1666666666666666,4.0,303.76666666666665,5.0,34.36666666666667,2.0,10.733333333333334,3.0,1.0
31.3,1.0,55.40000000000001,2.0,0.1666666666666666,4.0,185.09925944444444,4.0,0.1333333333333333,2.0,58.56666666666666,3.0,0.1666666666666666,5.0,303.76666666666665,1.0,34.36666666666667,1.0,10.733333333333334,2.0,1.0
31.3,4.0,55.40000000000001,2.0,0.1666666666666666,5.0,185.09925944444444,5.0,0.1333333333333333,3.0,58.56666666666666,2.0,0.1666666666666666,1.0,303.76666666666665,5.0,34.36666666666667,5.0,10.733333333333334,3.0,1.0
31.3,3.0,55.40000000000001,4.0,0.1666666666666666,4.0,185.09925944444444,1.0,0.1333333333333333,4.0,58.56666666666666,5.0,0.1666666666666666,4.0,303.76666666666665,3.0,34.36666666666667,3.0,10.733333333333334,2.0,1.0
31.3,4.0,55.40000000000001,2.0,0.1666666666666666,2.0,185.09925944444444,2.0,0.1333333333333333,2.0,58.56666666666666,2.0,0.1666666666666666,1.0,303.76666666666665,4.0,34.36666666666667,3.0,10.733333333333334,5.0,1.0
31.3,1.0,55.40000000000001,1.0,0.1666666666666666,1.0,197.38710666666665,5.0,0.1333333333333333,1.0,60.66666666666666,5.0,0.1666666666666666,1.0,303.76666666666665,5.0,41.3,2.0,10.733333333333334,1.0,1.0
31.3,1.0,55.40000000000001,4.0,0.1666666666666666,1.0,197.38710666666665,3.0,0.1333333333333333,3.0,60.66666666666666,3.0,0.1666666666666666,4.0,303.76666666666665,5.0,41.3,2.0,10.733333333333334,5.0,1.0
31.3,1.0,55.40000000000001,2.0,0.1666666666666666,2.0,197.38710666666665,5.0,0.1333333333333333,1.0,60.66666666666666,2.0,0.1666666666666666,3.0,303.76666666666665,5.0,41.3,3.0,10.733333333333334,5.0,1.0
31.3,4.0,55.40000000000001,4.0,0.1666666666666666,4.0,197.38710666666665,1.0,0.1333333333333333,3.0,60.66666666666666,3.0,0.1666666666666666,2.0,303.76666666666665,1.0,41.3,1.0,10.733333333333334,4.0,1.0
31.3,4.0,55.40000000000001,2.0,0.1666666666666666,4.0,197.38710666666665,4.0,0.1333333333333333,5.0,60.66666666666666,5.0,0.1666666666666666,5.0,303.76666666666665,1.0,41.3,4.0,10.733333333333334,2.0,1.0
31.3,3.0,55.40000000000001,4.0,0.1666666666666666,4.0,197.38710666666665,3.0,0.1333333333333333,5.0,60.66666666666666,1.0,0.1666666666666666,1.0,303.76666666666665,1.0,41.3,5.0,10.733333333333334,3.0,1.0
31.3,3.0,55.40000000000001,4.0,0.1666666666666666,3.0,197.38710666666665,3.0,0.1333333333333333,1.0,60.66666666666666,1.0,0.1666666666666666,5.0,303.76666666666665,3.0,41.3,1.0,10.733333333333334,2.0,1.0
31.3,2.0,55.40000000000001,2.0,0.1666666666666666,2.0,197.38710666666665,4.0,0.1333333333333333,1.0,60.66666666666666,2.0,0.1666666666666666,3.0,303.76666666666665,3.0,41.3,5.0,10.733333333333334,5.0,1.0
31.3,2.0,55.40000000000001,3.0,0.1666666666666666,1.0,197.38710666666665,4.0,0.1333333333333333,1.0,60.66666666666666,1.0,0.1666666666666666,4.0,303.76666666666665,1.0,41.3,3.0,10.733333333333334,1.0,1.0
31.3,4.0,55.40000000000001,4.0,0.1666666666666666,3.0,197.38710666666665,5.0,0.1333333333333333,3.0,60.66666666666666,1.0,0.1666666666666666,1.0,303.76666666666665,2.0,41.3,2.0,10.733333333333334,2.0,1.0
31.3,2.0,55.40000000000001,3.0,0.1666666666666666,1.0,197.38710666666665,4.0,0.1333333333333333,2.0,60.66666666666666,4.0,0.1666666666666666,3.0,303.76666666666665,5.0,41.3,3.0,10.733333333333334,2.0,1.0
31.3,1.0,55.4,1.0,0.1666666666666666,1.0,210.73333333333332,5.0,0.1333333333333333,1.0,60.66666666666666,5.0,0.1666666666666666,1.0,355.06666666666666,5.0,41.3,2.0,10.733333333333334,1.0,1.0
31.3,3.0,55.4,4.0,0.1666666666666666,3.0,210.73333333333332,3.0,0.1333333333333333,3.0,60.66666666666666,2.0,0.1666666666666666,2.0,355.06666666666666,5.0,41.3,4.0,10.733333333333334,1.0,1.0
31.3,5.0,55.4,4.0,0.1666666666666666,1.0,210.73333333333332,4.0,0.1333333333333333,3.0,60.66666666666666,5.0,0.1666666666666666,3.0,355.06666666666666,3.0,41.3,2.0,10.733333333333334,2.0,1.0
31.3,4.0,55.4,5.0,0.1666666666666666,5.0,210.73333333333332,4.0,0.1333333333333333,4.0,60.66666666666666,3.0,0.1666666666666666,2.0,355.06666666666666,4.0,41.3,2.0,10.733333333333334,2.0,1.0
31.3,5.0,55.4,3.0,0.1666666666666666,2.0,210.73333333333332,5.0,0.1333333333333333,5.0,60.66666666666666,2.0,0.1666666666666666,3.0,355.06666666666666,3.0,41.3,4.0,10.733333333333334,5.0,1.0
31.3,3.0,55.4,4.0,0.1666666666666666,3.0,210.73333333333332,5.0,0.1333333333333333,3.0,60.66666666666666,2.0,0.1666666666666666,3.0,355.06666666666666,5.0,41.3,4.0,10.733333333333334,1.0,1.0
31.3,1.0,55.4,3.0,0.1666666666666666,5.0,210.73333333333332,3.0,0.1333333333333333,3.0,60.66666666666666,4.0,0.1666666666666666,3.0,355.06666666666666,5.0,41.3,4.0,10.733333333333334,4.0,1.0
31.3,4.0,55.4,4.0,0.1666666666666666,1.0,210.73333333333332,3.0,0.1333333333333333,1.0,60.66666666666666,3.0,0.1666666666666666,1.0,355.06666666666666,3.0,41.3,2.0,10.733333333333334,1.0,1.0
31.3,1.0,55.4,3.0,0.1666666666666666,1.0,210.73333333333332,5.0,0.1333333333333333,4.0,60.66666666666666,4.0,0.1666666666666666,1.0,355.06666666666666,4.0,41.3,4.0,10.733333333333334,2.0,1.0
31.3,1.0,55.4,3.0,0.1666666666666666,4.0,210.73333333333332,1.0,0.1333333333333333,1.0,60.66666666666666,2.0,0.1666666666666666,3.0,355.06666666666666,3.0,41.3,3.0,10.733333333333334,2.0,1.0
31.3,1.0,55.4,1.0,0.1666666666666666,1.0,210.73333333333332,4.0,0.1333333333333333,4.0,60.66666666666666,3.0,0.1666666666666666,1.0,355.06666666666666,3.0,41.3,5.0,10.733333333333334,2.0,1.0
38.2,1.0,55.4,1.0,0.0,1.0,219.06666666666663,5.0,0.1333333333333333,1.0,66.2,5.0,0.1666666666666666,1.0,355.06666666666666,5.0,43.73333333333333,2.0,14.5,1.0,1.0
38.2,3.0,55.4,3.0,0.0,2.0,219.06666666666663,3.0,0.1333333333333333,3.0,66.2,3.0,0.1666666666666666,4.0,355.06666666666666,3.0,43.73333333333333,1.0,14.5,1.0,1.0
38.2,3.0,55.4,5.0,0.0,1.0,219.06666666666663,1.0,0.1333333333333333,4.0,66.2,3.0,0.1666666666666666,2.0,355.06666666666666,2.0,43.73333333333333,4.0,14.5,3.0,1.0
38.2,4.0,55.4,2.0,0.0,3.0,219.06666666666663,5.0,0.1333333333333333,2.0,66.2,2.0,0.1666666666666666,1.0,355.06666666666666,4.0,43.73333333333333,1.0,14.5,2.0,1.0
38.2,4.0,55.4,1.0,0.0,5.0,219.06666666666663,3.0,0.1333333333333333,2.0,66.2,3.0,0.1666666666666666,4.0,355.06666666666666,3.0,43.73333333333333,5.0,14.5,5.0,1.0
38.2,2.0,55.4,4.0,0.0,2.0,219.06666666666663,5.0,0.1333333333333333,2.0,66.2,2.0,0.1666666666666666,4.0,355.06666666666666,4.0,43.73333333333333,1.0,14.5,3.0,1.0
38.2,2.0,55.4,4.0,0.0,3.0,219.06666666666663,5.0,0.1333333333333333,5.0,66.2,4.0,0.1666666666666666,4.0,355.06666666666666,5.0,43.73333333333333,1.0,14.5,4.0,1.0
38.2,4.0,55.4,1.0,0.0,5.0,219.06666666666663,4.0,0.1333333333333333,2.0,66.2,3.0,0.1666666666666666,3.0,355.06666666666666,5.0,43.73333333333333,5.0,14.5,5.0,1.0
38.2,4.0,55.4,1.0,0.0,5.0,219.06666666666663,1.0,0.1333333333333333,1.0,66.2,1.0,0.1666666666666666,5.0,355.06666666666666,3.0,43.73333333333333,2.0,14.5,1.0,1.0
38.2,3.0,55.4,4.0,0.0,5.0,219.06666666666663,3.0,0.1333333333333333,4.0,66.2,5.0,0.1666666666666666,5.0,355.06666666666666,2.0,43.73333333333333,5.0,14.5,3.0,1.0
38.2,5.0,55.4,1.0,0.0,1.0,219.06666666666663,5.0,0.1333333333333333,4.0,66.2,1.0,0.1666666666666666,5.0,355.06666666666666,1.0,43.73333333333333,4.0,14.5,2.0,1.0
38.2,1.0,55.4,1.0,0.0,1.0,235.4,5.0,0.1333333333333333,1.0,66.2,5.0,0.0,1.0,355.06666666666666,5.0,43.73333333333333,2.0,14.5,1.0,1.0
38.2,1.0,55.4,5.0,0.0,5.0,235.4,1.0,0.1333333333333333,1.0,66.2,4.0,0.0,1.0,355.06666666666666,4.0,43.73333333333333,5.0,14.5,4.0,1.0
38.2,2.0,55.4,1.0,0.0,4.0,235.4,1.0,0.1333333333333333,3.0,66.2,3.0,0.0,4.0,355.06666666666666,2.0,43.73333333333333,4.0,14.5,4.0,1.0
38.2,2.0,55.4,2.0,0.0,1.0,235.4,3.0,0.1333333333333333,2.0,66.2,1.0,0.0,3.0,355.06666666666666,3.0,43.73333333333333,1.0,14.5,1.0,1.0
38.2,1.0,55.4,4.0,0.0,2.0,235.4,1.0,0.1333333333333333,1.0,66.2,5.0,0.0,2.0,355.06666666666666,4.0,43.73333333333333,3.0,14.5,1.0,1.0
38.2,2.0,55.4,1.0,0.0,4.0,235.4,2.0,0.1333333333333333,3.0,66.2,1.0,0.0,5.0,355.06666666666666,2.0,43.73333333333333,3.0,14.5,5.0,1.0
38.2,4.0,55.4,4.0,0.0,5.0,235.4,1.0,0.1333333333333333,5.0,66.2,3.0,0.0,3.0,355.06666666666666,2.0,43.73333333333333,4.0,14.5,5.0,1.0
38.2,4.0,55.4,1.0,0.0,3.0,235.4,4.0,0.1333333333333333,2.0,66.2,4.0,0.0,4.0,355.06666666666666,1.0,43.73333333333333,3.0,14.5,1.0,1.0
38.2,3.0,55.4,2.0,0.0,5.0,235.4,5.0,0.1333333333333333,3.0,66.2,3.0,0.0,4.0,355.06666666666666,4.0,43.73333333333333,4.0,14.5,4.0,1.0
38.2,5.0,55.4,5.0,0.0,1.0,235.4,3.0,0.1333333333333333,3.0,66.2,3.0,0.0,3.0,355.06666666666666,4.0,43.73333333333333,3.0,14.5,2.0,1.0
38.2,3.0,55.4,5.0,0.0,2.0,235.4,1.0,0.1333333333333333,5.0,66.2,1.0,0.0,4.0,355.06666666666666,5.0,43.73333333333333,2.0,14.5,2.0,1.0
38.2,1.0,61.90000000000001,1.0,0.0,1.0,235.4,5.0,0.0,1.0,68.1,5.0,0.0,1.0,355.06666666666666,5.0,43.73333333333333,2.0,14.5,1.0,1.0
38.2,2.0,61.90000000000001,1.0,0.0,1.0,235.4,1.0,0.0,3.0,68.1,3.0,0.0,1.0,355.06666666666666,5.0,43.73333333333333,4.0,14.5,1.0,1.0
38.2,5.0,61.90000000000001,1.0,0.0,3.0,235.4,3.0,0.0,3.0,68.1,5.0,0.0,5.0,355.06666666666666,2.0,43.73333333333333,3.0,14.5,5.0,1.0
38.2,4.0,61.90000000000001,5.0,0.0,3.0,235.4,2.0,0.0,3.0,68.1,5.0,0.0,5.0,355.06666666666666,4.0,43.73333333333333,4.0,14.5,3.0,1.0
38.2,2.0,61.90000000000001,3.0,0.0,3.0,235.4,5.0,0.0,3.0,68.1,4.0,0.0,1.0,355.06666666666666,4.0,43.73333333333333,3.0,14.5,5.0,1.0
38.2,3.0,61.90000000000001,3.0,0.0,1.0,235.4,5.0,0.0,4.0,68.1,5.0,0.0,1.0,355.06666666666666,2.0,43.73333333333333,5.0,14.5,1.0,1.0
38.2,3.0,61.90000000000001,3.0,0.0,5.0,235.4,5.0,0.0,5.0,68.1,2.0,0.0,3.0,355.06666666666666,4.0,43.73333333333333,5.0,14.5,1.0,1.0
38.2,5.0,61.90000000000001,2.0,0.0,1.0,235.4,4.0,0.0,4.0,68.1,1.0,0.0,1.0,355.06666666666666,5.0,43.73333333333333,5.0,14.5,1.0,1.0
38.2,5.0,61.90000000000001,5.0,0.0,5.0,235.4,2.0,0.0,3.0,68.1,5.0,0.0,5.0,355.06666666666666,4.0,43.73333333333333,1.0,14.5,1.0,1.0
38.2,2.0,61.90000000000001,1.0,0.0,1.0,235.4,1.0,0.0,4.0,68.1,3.0,0.0,3.0,355.06666666666666,5.0,43.73333333333333,3.0,14.5,3.0,1.0
38.2,2.0,61.90000000000001,3.0,0.0,1.0,235.4,3.0,0.0,5.0,68.1,3.0,0.0,2.0,355.06666666666666,4.0,43.73333333333333,5.0,14.5,3.0,1.0
38.2,1.0,61.90000000000001,1.0,0.0,1.0,235.4,5.0,0.0,1.0,69.56666666666666,5.0,0.0,1.0,360.1,5.0,43.73333333333333,2.0,14.5,1.0,1.0
38.2,2.0,61.90000000000001,4.0,0.0,1.0,235.4,5.0,0.0,2.0,69.56666666666666,2.0,0.0,4.0,360.1,1.0,43.73333333333333,2.0,14.5,1.0,1.0
38.2,2.0,61.90000000000001,3.0,0.0,1.0,235.4,2.0,0.0,4.0,69.56666666666666,5.0,0.0,1.0,360.1,4.0,43.73333333333333,1.0,14.5,3.0,1.0
38.2,5.0,61.90000000000001,4.0,0.0,2.0,235.4,2.0,0.0,4.0,69.56666666666666,5.0,0.0,2.0,360.1,1.0,43.73333333333333,3.0,14.5,4.0,1.0
38.2,3.0,61.90000000000001,5.0,0.0,5.0,235.4,4.0,0.0,1.0,69.56666666666666,5.0,0.0,4.0,360.1,2.0,43.73333333333333,3.0,14.5,5.0,1.0
38.2,5.0,61.90000000000001,3.0,0.0,1.0,235.4,4.0,0.0,4.0,69.56666666666666,1.0,0.0,5.0,360.1,2.0,43.73333333333333,5.0,14.5,3.0,1.0
38.2,2.0,61.90000000000001,1.0,0.0,1.0,235.4,4.0,0.0,2.0,69.56666666666666,5.0,0.0,2.0,360.1,5.0,43.73333333333333,5.0,14.5,1.0,1.0
38.2,4.0,61.90000000000001,5.0,0.0,2.0,235.4,1.0,0.0,5.0,69.56666666666666,3.0,0.0,1.0,360.1,5.0,43.73333333333333,4.0,14.5,1.0,1.0
38.2,2.0,61.90000000000001,1.0,0.0,5.0,235.4,1.0,0.0,4.0,69.56666666666666,3.0,0.0,3.0,360.1,5.0,43.73333333333333,5.0,14.5,1.0,1.0
38.2,1.0,61.90000000000001,1.0,0.0,4.0,235.4,3.0,0.0,1.0,69.56666666666666,2.0,0.0,3.0,360.1,4.0,43.73333333333333,2.0,14.5,5.0,1.0
38.2,5.0,61.90000000000001,4.0,0.0,3.0,235.4,5.0,0.0,4.0,69.56666666666666,3.0,0.0,3.0,360.1,5.0,43.73333333333333,3.0,14.5,1.0,1.0
38.2,1.0,61.90000000000001,1.0,0.0,1.0,239.13333333333333,5.0,0.0,1.0,69.73333333333333,5.0,0.0,1.0,360.1,5.0,44.96666666666667,2.0,14.5,1.0,1.0
38.2,5.0,61.90000000000001,1.0,0.0,4.0,239.13333333333333,4.0,0.0,3.0,69.73333333333333,1.0,0.0,3.0,360.1,5.0,44.96666666666667,2.0,14.5,4.0,1.0
38.2,5.0,61.90000000000001,5.0,0.0,3.0,239.13333333333333,2.0,0.0,4.0,69.73333333333333,3.0,0.0,4.0,360.1,4.0,44.96666666666667,4.0,14.5,2.0,1.0
38.2,4.0,61.90000000000001,3.0,0.0,5.0,239.13333333333333,4.0,0.0,5.0,69.73333333333333,5.0,0.0,5.0,360.1,4.0,44.96666666666667,3.0,14.5,1.0,1.0
38.2,2.0,61.90000000000001,3.0,0.0,4.0,239.13333333333333,3.0,0.0,3.0,69.73333333333333,1.0,0.0,4.0,360.1,3.0,44.96666666666667,1.0,14.5,2.0,1.0
38.2,5.0,61.90000000000001,1.0,0.0,3.0,239.13333333333333,3.0,0.0,1.0,69.73333333333333,1.0,0.0,5.0,360.1,3.0,44.96666666666667,2.0,14.5,1.0,1.0
38.2,3.0,61.90000000000001,4.0,0.0,4.0,239.13333333333333,1.0,0.0,4.0,69.73333333333333,5.0,0.0,2.0,360.1,1.0,44.96666666666667,5.0,14.5,3.0,1.0
38.2,4.0,61.90000000000001,2.0,0.0,2.0,239.13333333333333,2.0,0.0,2.0,69.73333333333333,3.0,0.0,1.0,360.1,5.0,44.96666666666667,3.0,14.5,5.0,1.0
38.2,3.0,61.90000000000001,2.0,0.0,3.0,239.13333333333333,1.0,0.0,5.0,69.73333333333333,4.0,0.0,1.0,360.1,3.0,44.96666666666667,3.0,14.5,2.0,1.0
38.2,1.0,61.90000000000001,4.0,0.0,2.0,239.13333333333333,3.0,0.0,2.0,69.73333333333333,4.0,0.0,1.0,360.1,2.0,44.96666666666667,3.0,14.5,3.0,1.0
38.2,4.0,61.90000000000001,1.0,0.0,3.0,239.13333333333333,4.0,0.0,2.0,69.73333333333333,1.0,0.0,5.0,360.1,4.0,44.96666666666667,4.0,14.5,4.0,1.0
38.2,1.0,61.900000000000006,1.0,0.0,1.0,240.56666666666663,5.0,0.0,1.0,69.73333333333333,5.0,0.0,1.0,371.1,5.0,44.96666666666667,2.0,14.5,1.0,1.0
38.2,4.0,61.900000000000006,4.0,0.0,3.0,240.56666666666663,1.0,0.0,3.0,69.73333333333333,2.0,0.0,4.0,371.1,3.0,44.96666666666667,5.0,14.5,3.0,1.0
38.2,3.0,61.900000000000006,5.0,0.0,3.0,240.56666666666663,2.0,0.0,2.0,69.73333333333333,5.0,0.0,4.0,371.1,1.0,44.96666666666667,3.0,14.5,2.0,1.0
38.2,4.0,61.900000000000006,1.0,0.0,4.0,240.56666666666663,4.0,0.0,2.0,69.73333333333333,1.0,0.0,4.0,371.1,2.0,44.96666666666667,5.0,14.5,4.0,1.0
38.2,5.0,61.900000000000006,3.0,0.0,5.0,240.56666666666663,1.0,0.0,2.0,69.73333333333333,1.0,0.0,4.0,371.1,3.0,44.96666666666667,2.0,14.5,2.0,1.0
38.2,4.0,61.900000000000006,1.0,0.0,3.0,240.56666666666663,4.0,0.0,2.0,69.73333333333333,2.0,0.0,2.0,371.1,3.0,44.96666666666667,2.0,14.5,2.0,1.0
38.2,3.0,61.900000000000006,1.0,0.0,3.0,240.56666666666663,1.0,0.0,1.0,69.73333333333333,2.0,0.0,2.0,371.1,1.0,44.96666666666667,5.0,14.5,2.0,1.0
38.2,5.0,61.900000000000006,5.0,0.0,5.0,240.56666666666663,5.0,0.0,1.0,69.73333333333333,2.0,0.0,4.0,371.1,3.0,44.96666666666667,1.0,14.5,3.0,1.0
38.2,5.0,61.900000000000006,5.0,0.0,2.0,240.56666666666663,2.0,0.0,2.0,69.73333333333333,2.0,0.0,2.0,371.1,2.0,44.96666666666667,3.0,14.5,1.0,1.0
38.2,2.0,61.900000000000006,2.0,0.0,1.0,240.56666666666663,5.0,0.0,4.0,69.73333333333333,5.0,0.0,3.0,371.1,1.0,44.96666666666667,5.0,14.5,3.0,1.0
38.2,4.0,61.900000000000006,2.0,0.0,3.0,240.56666666666663,3.0,0.0,2.0,69.73333333333333,3.0,0.0,4.0,371.1,1.0,44.96666666666667,1.0,14.5,5.0,1.0
40.5,1.0,61.900000000000006,1.0,0.0666666666666666,1.0,244.4,5.0,0.0,1.0,68.03333333333333,5.0,0.0,1.0,371.1,5.0,46.333333333333336,2.0,14.066666666666666,1.0,1.0
40.5,3.0,61.900000000000006,5.0,0.0666666666666666,4.0,244.4,4.0,0.0,5.0,68.03333333333333,4.0,0.0,2.0,371.1,3.0,46.333333333333336,2.0,14.066666666666666,2.0,1.0
40.5,4.0,61.900000000000006,1.0,0.0666666666666666,4.0,244.4,3.0,0.0,2.0,68.03333333333333,1.0,0.0,4.0,371.1,5.0,46.333333333333336,4.0,14.066666666666666,3.0,1.0
40.5,4.0,61.900000000000006,3.0,0.0666666666666666,2.0,244.4,2.0,0.0,2.0,68.03333333333333,5.0,0.0,4.0,371.1,1.0,46.333333333333336,5.0,14.066666666666666,1.0,1.0
40.5,3.0,61.900000000000006,1.0,0.0666666666666666,2.0,244.4,4.0,0.0,5.0,68.03333333333333,5.0,0.0,5.0,371.1,2.0,46.333333333333336,1.0,14.066666666666666,5.0,1.0
40.5,5.0,61.900000000000006,2.0,0.0666666666666666,1.0,244.4,4.0,0.0,1.0,68.03333333333333,1.0,0.0,5.0,371.1,3.0,46.333333333333336,1.0,14.066666666666666,4.0,1.0
40.5,2.0,61.900000000000006,3.0,0.0666666666666666,5.0,244.4,2.0,0.0,4.0,68.03333333333333,5.0,0.0,3.0,371.1,5.0,46.333333333333336,3.0,14.066666666666666,3.0,1.0
40.5,5.0,61.900000000000006,4.0,0.0666666666666666,5.0,244.4,4.0,0.0,4.0,68.03333333333333,2.0,0.0,2.0,371.1,5.0,46.333333333333336,4.0,14.066666666666666,2.0,1.0
40.5,2.0,61.900000000000006,4.0,0.0666666666666666,1.0,244.4,1.0,0.0,4.0,68.03333333333333,2.0,0.0,4.0,371.1,3.0,46.333333333333336,5.0,14.066666666666666,3.0,1.0
40.5,5.0,61.900000000000006,5.0,0.0666666666666666,2.0,244.4,5.0,0.0,4.0,68.03333333333333,1.0,0.0,1.0,371.1,2.0,46.333333333333336,1.0,14.066666666666666,2.0,1.0
40.5,5.0,61.900000000000006,3.0,0.0666666666666666,1.0,244.4,3.0,0.0,2.0,68.03333333333333,5.0,0.0,1.0,371.1,4.0,46.333333333333336,3.0,14.066666666666666,1.0,1.0
40.5,1.0,61.900000000000006,1.0,0.0666666666666666,1.0,247.2,5.0,0.0,1.0,68.03333333333333,5.0,0.1,1.0,371.1,5.0,46.333333333333336,2.0,14.066666666666666,1.0,1.0
40.5,4.0,61.900000000000006,3.0,0.0666666666666666,4.0,247.2,4.0,0.0,4.0,68.03333333333333,3.0,0.1,1.0,371.1,1.0,46.333333333333336,3.0,14.066666666666666,2.0,1.0
40.5,4.0,61.900000000000006,3.0,0.0666666666666666,5.0,247.2,1.0,0.0,2.0,68.03333333333333,4.0,0.1,1.0,371.1,2.0,46.333333333333336,4.0,14.066666666666666,3.0,1.0
40.5,4.0,61.900000000000006,3.0,0.0666666666666666,5.0,247.2,5.0,0.0,5.0,68.03333333333333,1.0,0.1,3.0,371.1,1.0,46.333333333333336,2.0,14.066666666666666,2.0,1.0
40.5,4.0,61.900000000000006,3.0,0.0666666666666666,5.0,247.2,2.0,0.0,4.0,68.03333333333333,4.0,0.1,5.0,371.1,2.0,46.333333333333336,4.0,14.066666666666666,1.0,1.0
40.5,3.0,61.900000000000006,3.0,0.0666666666666666,5.0,247.2,4.0,0.0,5.0,68.03333333333333,5.0,0.1,3.0,371.1,4.0,46.333333333333336,1.0,14.066666666666666,3.0,1.0
40.5,1.0,61.900000000000006,4.0,0.0666666666666666,5.0,247.2,4.0,0.0,5.0,68.03333333333333,2.0,0.1,5.0,371.1,3.0,46.333333333333336,4.0,14.066666666666666,4.0,1.0
40.5,4.0,61.900000000000006,2.0,0.0666666666666666,4.0,247.2,4.0,0.0,5.0,68.03333333333333,3.0,0.1,3.0,371.1,3.0,46.333333333333336,1.0,14.066666666666666,1.0,1.0
40.5,1.0,61.900000000000006,4.0,0.0666666666666666,3.0,247.2,5.0,0.0,4.0,68.03333333333333,1.0,0.1,1.0,371.1,2.0,46.333333333333336,5.0,14.066666666666666,1.0,1.0
40.5,1.0,61.900000000000006,1.0,0.0666666666666666,3.0,247.2,5.0,0.0,4.0,68.03333333333333,3.0,0.1,1.0,371.1,2.0,46.333333333333336,3.0,14.066666666666666,2.0,1.0
40.5,4.0,61.900000000000006,5.0,0.0666666666666666,2.0,247.2,2.0,0.0,1.0,68.03333333333333,4.0,0.1,3.0,371.1,2.0,46.333333333333336,2.0,14.066666666666666,1.0,1.0
40.5,1.0,60.76666666666668,1.0,0.0666666666666666,1.0,247.2,5.0,0.1333333333333333,1.0,67.46666666666667,5.0,0.1,1.0,371.1,5.0,46.333333333333336,2.0,14.066666666666666,1.0,1.0
40.5,3.0,60.76666666666668,4.0,0.0666666666666666,2.0,247.2,1.0,0.1333333333333333,3.0,67.46666666666667,4.0,0.1,2.0,371.1,2.0,46.333333333333336,1.0,14.066666666666666,4.0,1.0
40.5,5.0,60.76666666666668,4.0,0.0666666666666666,3.0,247.2,4.0,0.1333333333333333,2.0,67.46666666666667,1.0,0.1,2.0,371.1,4.0,46.333333333333336,4.0,14.066666666666666,5.0,1.0
40.5,5.0,60.76666666666668,2.0,0.0666666666666666,1.0,247.2,2.0,0.1333333333333333,5.0,67.46666666666667,5.0,0.1,1.0,371.1,1.0,46.333333333333336,3.0,14.066666666666666,4.0,1.0
40.5,5.0,60.76666666666668,4.0,0.0666666666666666,2.0,247.2,1.0,0.1333333333333333,4.0,67.46666666666667,3.0,0.1,5.0,371.1,3.0,46.333333333333336,3.0,14.066666666666666,2.0,1.0
40.5,1.0,60.76666666666668,5.0,0.0666666666666666,5.0,247.2,1.0,0.1333333333333333,4.0,67.46666666666667,2.0,0.1,3.0,371.1,5.0,46.333333333333336,5.0,14.066666666666666,1.0,1.0
40.5,2.0,60.76666666666668,5.0,0.0666666666666666,5.0,247.2,1.0,0.1333333333333333,5.0,67.46666666666667,3.0,0.1,3.0,371.1,1.0,46.333333333333336,4.0,14.066666666666666,4.0,1.0
40.5,4.0,60.76666666666668,4.0,0.0666666666666666,5.0,247.2,5.0,0.1333333333333333,4.0,67.46666666666667,5.0,0.1,4.0,371.1,4.0,46.333333333333336,3.0,14.066666666666666,4.0,1.0
40.5,1.0,60.76666666666668,3.0,0.0666666666666666,3.0,247.2,5.0,0.1333333333333333,1.0,67.46666666666667,4.0,0.1,1.0,371.1,5.0,46.333333333333336,5.0,14.066666666666666,2.0,1.0
40.5,5.0,60.76666666666668,3.0,0.0666666666666666,5.0,247.2,4.0,0.1333333333333333,1.0,67.46666666666667,2.0,0.1,3.0,371.1,2.0,46.333333333333336,1.0,14.066666666666666,5.0,1.0
40.5,5.0,60.76666666666668,3.0,0.0666666666666666,2.0,247.2,1.0,0.1333333333333333,5.0,67.46666666666667,2.0,0.1,1.0,371.1,2.0,46.333333333333336,3.0,14.066666666666666,4.0,1.0
40.5,1.0,60.76666666666668,1.0,0.0666666666666666,1.0,247.2,5.0,0.1333333333333333,1.0,66.1,5.0,0.1,1.0,377.1666666666666,5.0,46.333333333333336,2.0,14.066666666666666,1.0,0.0
40.5,2.0,60.76666666666668,5.0,0.0666666666666666,4.0,247.2,5.0,0.1333333333333333,2.0,66.1,4.0,0.1,2.0,377.1666666666666,4.0,46.333333333333336,4.0,14.066666666666666,2.0,0.0
40.5,5.0,60.76666666666668,2.0,0.0666666666666666,4.0,247.2,1.0,0.1333333333333333,1.0,66.1,5.0,0.1,1.0,377.1666666666666,5.0,46.333333333333336,3.0,14.066666666666666,2.0,0.0
40.5,4.0,60.76666666666668,3.0,0.0666666666666666,5.0,247.2,2.0,0.1333333333333333,3.0,66.1,2.0,0.1,3.0,377.1666666666666,1.0,46.333333333333336,3.0,14.066666666666666,3.0,0.0
40.5,4.0,60.76666666666668,3.0,0.0666666666666666,2.0,247.2,2.0,0.1333333333333333,4.0,66.1,5.0,0.1,4.0,377.1666666666666,4.0,46.333333333333336,5.0,14.066666666666666,5.0,1.0
40.5,4.0,60.76666666666668,4.0,0.0666666666666666,2.0,247.2,5.0,0.1333333333333333,5.0,66.1,2.0,0.1,3.0,377.1666666666666,1.0,46.333333333333336,1.0,14.066666666666666,2.0,0.0
40.5,1.0,60.76666666666668,3.0,0.0666666666666666,4.0,247.2,2.0,0.1333333333333333,3.0,66.1,2.0,0.1,4.0,377.1666666666666,4.0,46.333333333333336,5.0,14.066666666666666,1.0,0.0
40.5,1.0,60.76666666666668,4.0,0.0666666666666666,1.0,247.2,1.0,0.1333333333333333,5.0,66.1,2.0,0.1,3.0,377.1666666666666,2.0,46.333333333333336,1.0,14.066666666666666,1.0,0.0
40.5,3.0,60.76666666666668,1.0,0.0666666666666666,2.0,247.2,2.0,0.1333333333333333,3.0,66.1,5.0,0.1,4.0,377.1666666666666,5.0,46.333333333333336,1.0,14.066666666666666,2.0,0.0
40.5,5.0,60.76666666666668,3.0,0.0666666666666666,2.0,247.2,5.0,0.1333333333333333,3.0,66.1,5.0,0.1,3.0,377.1666666666666,1.0,46.333333333333336,4.0,14.066666666666666,1.0,0.0
40.5,4.0,60.76666666666668,5.0,0.0666666666666666,3.0,247.2,5.0,0.1333333333333333,1.0,66.1,1.0,0.1,5.0,377.1666666666666,3.0,46.333333333333336,3.0,14.066666666666666,1.0,0.0
40.5,1.0,60.76666666666668,1.0,0.0666666666666666,1.0,249.06666666666663,5.0,0.1333333333333333,1.0,65.5,5.0,0.1,1.0,377.1666666666666,5.0,45.8,2.0,14.066666666666666,1.0,0.0
40.5,5.0,60.76666666666668,5.0,0.0666666666666666,3.0,249.06666666666663,3.0,0.1333333333333333,1.0,65.5,1.0,0.1,3.0,377.1666666666666,3.0,45.8,1.0,14.066666666666666,3.0,0.0
40.5,5.0,60.76666666666668,2.0,0.0666666666666666,2.0,249.06666666666663,5.0,0.1333333333333333,4.0,65.5,2.0,0.1,4.0,377.1666666666666,1.0,45.8,3.0,14.066666666666666,2.0,1.0
40.5,5.0,60.76666666666668,2.0,0.0666666666666666,1.0,249.06666666666663,4.0,0.1333333333333333,4.0,65.5,1.0,0.1,1.0,377.1666666666666,1.0,45.8,3.0,14.066666666666666,1.0,1.0
40.5,4.0,60.76666666666668,5.0,0.0666666666666666,4.0,249.06666666666663,5.0,0.1333333333333333,5.0,65.5,1.0,0.1,2.0,377.1666666666666,4.0,45.8,2.0,14.066666666666666,4.0,0.0
40.5,2.0,60.76666666666668,2.0,0.0666666666666666,1.0,249.06666666666663,2.0,0.1333333333333333,2.0,65.5,3.0,0.1,3.0,377.1666666666666,5.0,45.8,4.0,14.066666666666666,4.0,0.0
40.5,4.0,60.76666666666668,2.0,0.0666666666666666,3.0,249.06666666666663,4.0,0.1333333333333333,4.0,65.5,5.0,0.1,3.0,377.1666666666666,2.0,45.8,2.0,14.066666666666666,4.0,0.0
40.5,1.0,60.76666666666668,3.0,0.0666666666666666,2.0,249.06666666666663,3.0,0.1333333333333333,5.0,65.5,4.0,0.1,3.0,377.1666666666666,5.0,45.8,5.0,14.066666666666666,3.0,0.0
40.5,5.0,60.76666666666668,2.0,0.0666666666666666,2.0,249.06666666666663,1.0,0.1333333333333333,5.0,65.5,2.0,0.1,5.0,377.1666666666666,1.0,45.8,3.0,14.066666666666666,3.0,1.0
40.5,1.0,60.76666666666668,2.0,0.0666666666666666,3.0,249.06666666666663,4.0,0.1333333333333333,3.0,65.5,2.0,0.1,2.0,377.1666666666666,4.0,45.8,3.0,14.066666666666666,5.0,0.0
40.5,1.0,60.76666666666668,1.0,0.0666666666666666,5.0,249.06666666666663,2.0,0.1333333333333333,3.0,65.5,3.0,0.1,1.0,377.1666666666666,3.0,45.8,2.0,14.066666666666666,1.0,0.0
40.5,1.0,60.766666666666666,1.0,0.0666666666666666,1.0,248.7,5.0,0.1333333333333333,1.0,65.5,5.0,0.1,1.0,369.1666666666667,5.0,45.8,2.0,14.066666666666666,1.0,0.0
40.5,1.0,60.766666666666666,3.0,0.0666666666666666,4.0,248.7,2.0,0.1333333333333333,5.0,65.5,4.0,0.1,4.0,369.1666666666667,1.0,45.8,4.0,14.066666666666666,2.0,0.0
40.5,2.0,60.766666666666666,2.0,0.0666666666666666,1.0,248.7,4.0,0.1333333333333333,4.0,65.5,3.0,0.1,1.0,369.1666666666667,2.0,45.8,3.0,14.066666666666666,5.0,0.0
40.5,4.0,60.766666666666666,2.0,0.0666666666666666,5.0,248.7,5.0,0.1333333333333333,2.0,65.5,4.0,0.1,4.0,369.1666666666667,4.0,45.8,1.0,14.066666666666666,1.0,1.0
40.5,2.0,60.766666666666666,4.0,0.0666666666666666,3.0,248.7,2.0,0.1333333333333333,1.0,65.5,2.0,0.1,3.0,369.1666666666667,4.0,45.8,2.0,14.066666666666666,2.0,1.0
40.5,2.0,60.766666666666666,1.0,0.0666666666666666,3.0,248.7,3.0,0.1333333333333333,3.0,65.5,4.0,0.1,2.0,369.1666666666667,5.0,45.8,5.0,14.066666666666666,1.0,1.0
40.5,2.0,60.766666666666666,3.0,0.0666666666666666,1.0,248.7,2.0,0.1333333333333333,1.0,65.5,3.0,0.1,5.0,369.1666666666667,5.0,45.8,2.0,14.066666666666666,3.0,0.0
40.5,4.0,60.766666666666666,5.0,0.0666666666666666,3.0,248.7,1.0,0.1333333333333333,5.0,65.5,5.0,0.1,2.0,369.1666666666667,3.0,45.8,5.0,14.066666666666666,3.0,0.0
40.5,5.0,60.766666666666666,3.0,0.0666666666666666,1.0,248.7,3.0,0.1333333333333333,4.0,65.5,2.0,0.1,3.0,369.1666666666667,4.0,45.8,1.0,14.066666666666666,3.0,0.0
40.5,3.0,60.766666666666666,4.0,0.0666666666666666,1.0,248.7,4.0,0.1333333333333333,2.0,65.5,2.0,0.1,4.0,369.1666666666667,1.0,45.8,1.0,14.066666666666666,3.0,1.0
40.5,4.0,60.766666666666666,1.0,0.0666666666666666,3.0,248.7,3.0,0.1333333333333333,3.0,65.5,1.0,0.1,4.0,369.1666666666667,2.0,45.8,4.0,14.066666666666666,4.0,0.0
38.63333333333333,1.0,60.766666666666666,1.0,0.1,1.0,246.33333333333331,5.0,0.1333333333333333,1.0,66.6,5.0,0.1,1.0,369.1666666666667,5.0,44.86666666666667,2.0,13.866666666666664,1.0,0.0
38.63333333333333,4.0,60.766666666666666,5.0,0.1,5.0,246.33333333333331,5.0,0.1333333333333333,2.0,66.6,3.0,0.1,2.0,369.1666666666667,5.0,44.86666666666667,5.0,13.866666666666664,5.0,1.0
38.63333333333333,4.0,60.766666666666666,4.0,0.1,2.0,246.33333333333331,1.0,0.1333333333333333,1.0,66.6,4.0,0.1,3.0,369.1666666666667,3.0,44.86666666666667,5.0,13.866666666666664,1.0,0.0
38.63333333333333,5.0,60.766666666666666,5.0,0.1,3.0,246.33333333333331,2.0,0.1333333333333333,2.0,66.6,1.0,0.1,5.0,369.1666666666667,1.0,44.86666666666667,3.0,13.866666666666664,3.0,0.0
38.63333333333333,3.0,60.766666666666666,4.0,0.1,3.0,246.33333333333331,3.0,0.1333333333333333,1.0,66.6,2.0,0.1,3.0,369.1666666666667,1.0,44.86666666666667,2.0,13.866666666666664,3.0,0.0
38.63333333333333,5.0,60.766666666666666,4.0,0.1,1.0,246.33333333333331,3.0,0.1333333333333333,4.0,66.6,3.0,0.1,3.0,369.1666666666667,3.0,44.86666666666667,3.0,13.866666666666664,3.0,0.0
38.63333333333333,2.0,60.766666666666666,4.0,0.1,5.0,246.33333333333331,3.0,0.1333333333333333,2.0,66.6,5.0,0.1,4.0,369.1666666666667,3.0,44.86666666666667,1.0,13.866666666666664,1.0,0.0
38.63333333333333,4.0,60.766666666666666,3.0,0.1,5.0,246.33333333333331,3.0,0.1333333333333333,5.0,66.6,3.0,0.1,2.0,369.1666666666667,4.0,44.86666666666667,3.0,13.866666666666664,2.0,0.0
38.63333333333333,2.0,60.766666666666666,4.0,0.1,5.0,246.33333333333331,3.0,0.1333333333333333,2.0,66.6,3.0,0.1,5.0,369.1666666666667,1.0,44.86666666666667,5.0,13.866666666666664,3.0,0.0
38.63333333333333,4.0,60.766666666666666,5.0,0.1,1.0,246.33333333333331,3.0,0.1333333333333333,1.0,66.6,2.0,0.1,1.0,369.1666666666667,4.0,44.86666666666667,4.0,13.866666666666664,4.0,0.0
38.63333333333333,4.0,60.766666666666666,5.0,0.1,5.0,246.33333333333331,1.0,0.1333333333333333,3.0,66.6,1.0,0.1,5.0,369.1666666666667,1.0,44.86666666666667,5.0,13.866666666666664,1.0,0.0
38.63333333333333,1.0,60.766666666666666,1.0,0.1,1.0,247.33333333333331,5.0,0.1333333333333333,1.0,66.6,5.0,0.1,1.0,369.1666666666667,5.0,44.86666666666667,2.0,13.866666666666664,1.0,0.0
38.63333333333333,3.0,60.766666666666666,3.0,0.1,4.0,247.33333333333331,2.0,0.1333333333333333,4.0,66.6,3.0,0.1,2.0,369.1666666666667,2.0,44.86666666666667,1.0,13.866666666666664,2.0,1.0
38.63333333333333,1.0,60.766666666666666,4.0,0.1,3.0,247.33333333333331,1.0,0.1333333333333333,4.0,66.6,4.0,0.1,1.0,369.1666666666667,2.0,44.86666666666667,2.0,13.866666666666664,4.0,0.0
38.63333333333333,2.0,60.766666666666666,1.0,0.1,5.0,247.33333333333331,1.0,0.1333333333333333,1.0,66.6,5.0,0.1,3.0,369.1666666666667,3.0,44.86666666666667,4.0,13.866666666666664,4.0,1.0
38.63333333333333,3.0,60.766666666666666,2.0,0.1,5.0,247.33333333333331,3.0,0.1333333333333333,1.0,66.6,5.0,0.1,2.0,369.1666666666667,2.0,44.86666666666667,5.0,13.866666666666664,4.0,0.0
38.63333333333333,5.0,60.766666666666666,1.0,0.1,3.0,247.33333333333331,2.0,0.1333333333333333,2.0,66.6,2.0,0.1,2.0,369.1666666666667,3.0,44.86666666666667,5.0,13.866666666666664,4.0,0.0
38.63333333333333,3.0,60.766666666666666,2.0,0.1,3.0,247.33333333333331,4.0,0.1333333333333333,2.0,66.6,3.0,0.1,4.0,369.1666666666667,3.0,44.86666666666667,2.0,13.866666666666664,3.0,0.0
38.63333333333333,3.0,60.766666666666666,4.0,0.1,2.0,247.33333333333331,2.0,0.1333333333333333,5.0,66.6,2.0,0.1,3.0,369.1666666666667,1.0,44.86666666666667,5.0,13.866666666666664,3.0,0.0
38.63333333333333,2.0,60.766666666666666,2.0,0.1,4.0,247.33333333333331,5.0,0.1333333333333333,1.0,66.6,5.0,0.1,5.0,369.1666666666667,1.0,44.86666666666667,1.0,13.866666666666664,4.0,0.0
38.63333333333333,4.0,60.766666666666666,5.0,0.1,2.0,247.33333333333331,2.0,0.1333333333333333,5.0,66.6,2.0,0.1,3.0,369.1666666666667,3.0,44.86666666666667,3.0,13.866666666666664,2.0,0.0
38.63333333333333,2.0,60.766666666666666,3.0,0.1,1.0,247.33333333333331,2.0,0.1333333333333333,5.0,66.6,3.0,0.1,4.0,369.1666666666667,5.0,44.86666666666667,4.0,13.866666666666664,4.0,0.0
38.63333333333333,1.0,59.500000000000014,1.0,0.1,1.0,247.33333333333331,5.0,0.1,1.0,67.2,5.0,0.1,1.0,369.1666666666667,5.0,44.86666666666667,2.0,13.866666666666664,1.0,0.0
38.63333333333333,4.0,59.500000000000014,2.0,0.1,5.0,247.33333333333331,1.0,0.1,5.0,67.2,5.0,0.1,1.0,369.1666666666667,4.0,44.86666666666667,5.0,13.866666666666664,3.0,0.0
38.63333333333333,3.0,59.500000000000014,1.0,0.1,2.0,247.33333333333331,4.0,0.1,3.0,67.2,2.0,0.1,4.0,369.1666666666667,1.0,44.86666666666667,2.0,13.866666666666664,3.0,0.0
38.63333333333333,5.0,59.500000000000014,5.0,0.1,5.0,247.33333333333331,2.0,0.1,1.0,67.2,5.0,0.1,2.0,369.1666666666667,4.0,44.86666666666667,1.0,13.866666666666664,4.0,0.0
38.63333333333333,1.0,59.500000000000014,3.0,0.1,5.0,247.33333333333331,2.0,0.1,4.0,67.2,1.0,0.1,4.0,369.1666666666667,2.0,44.86666666666667,3.0,13.866666666666664,5.0,0.0
38.63333333333333,1.0,59.500000000000014,2.0,0.1,5.0,247.33333333333331,2.0,0.1,4.0,67.2,3.0,0.1,2.0,369.1666666666667,4.0,44.86666666666667,2.0,13.866666666666664,2.0,0.0
38.63333333333333,5.0,59.500000000000014,4.0,0.1,4.0,247.33333333333331,4.0,0.1,2.0,67.2,2.0,0.1,3.0,369.1666666666667,4.0,44.86666666666667,4.0,13.866666666666664,1.0,0.0
38.63333333333333,5.0,59.500000000000014,4.0,0.1,5.0,247.33333333333331,4.0,0.1,3.0,67.2,1.0,0.1,2.0,369.1666666666667,5.0,44.86666666666667,2.0,13.866666666666664,1.0,0.0
38.63333333333333,4.0,59.500000000000014,5.0,0.1,5.0,247.33333333333331,3.0,0.1,3.0,67.2,5.0,0.1,1.0,369.1666666666667,3.0,44.86666666666667,3.0,13.866666666666664,4.0,1.0
38.63333333333333,4.0,59.500000000000014,4.0,0.1,3.0,247.33333333333331,2.0,0.1,2.0,67.2,4.0,0.1,4.0,369.1666666666667,2.0,44.86666666666667,5.0,13.866666666666664,5.0,1.0
38.63333333333333,5.0,59.500000000000014,2.0,0.1,3.0,247.33333333333331,5.0,0.1,3.0,67.2,2.0,0.1,1.0,369.1666666666667,2.0,44.86666666666667,4.0,13.866666666666664,4.0,1.0
38.63333333333333,1.0,59.500000000000014,1.0,0.1,1.0,247.33333333333331,5.0,0.1,1.0,67.93333333333334,5.0,0.1,1.0,364.9666666666667,5.0,44.86666666666667,2.0,13.866666666666664,1.0,0.0
38.63333333333333,4.0,59.500000000000014,1.0,0.1,1.0,247.33333333333331,3.0,0.1,3.0,67.93333333333334,2.0,0.1,2.0,364.9666666666667,2.0,44.86666666666667,2.0,13.866666666666664,1.0,0.0
38.63333333333333,1.0,59.500000000000014,2.0,0.1,3.0,247.33333333333331,1.0,0.1,4.0,67.93333333333334,4.0,0.1,3.0,364.9666666666667,4.0,44.86666666666667,5.0,13.866666666666664,1.0,0.0
38.63333333333333,4.0,59.500000000000014,5.0,0.1,5.0,247.33333333333331,3.0,0.1,3.0,67.93333333333334,3.0,0.1,1.0,364.9666666666667,3.0,44.86666666666667,3.0,13.866666666666664,2.0,0.0
38.63333333333333,2.0,59.500000000000014,5.0,0.1,1.0,247.33333333333331,5.0,0.1,4.0,67.93333333333334,2.0,0.1,4.0,364.9666666666667,2.0,44.86666666666667,4.0,13.866666666666664,1.0,0.0
38.63333333333333,1.0,59.500000000000014,2.0,0.1,4.0,247.33333333333331,4.0,0.1,3.0,67.93333333333334,1.0,0.1,2.0,364.9666666666667,5.0,44.86666666666667,2.0,13.866666666666664,1.0,1.0
38.63333333333333,2.0,59.500000000000014,5.0,0.1,2.0,247.33333333333331,4.0,0.1,3.0,67.93333333333334,2.0,0.1,4.0,364.9666666666667,3.0,44.86666666666667,2.0,13.866666666666664,2.0,1.0
38.63333333333333,5.0,59.500000000000014,3.0,0.1,5.0,247.33333333333331,2.0,0.1,3.0,67.93333333333334,4.0,0.1,2.0,364.9666666666667,2.0,44.86666666666667,3.0,13.866666666666664,4.0,0.0
38.63333333333333,4.0,59.500000000000014,1.0,0.1,5.0,247.33333333333331,1.0,0.1,4.0,67.93333333333334,3.0,0.1,4.0,364.9666666666667,4.0,44.86666666666667,4.0,13.866666666666664,4.0,0.0
38.63333333333333,5.0,59.500000000000014,3.0,0.1,2.0,247.33333333333331,2.0,0.1,4.0,67.93333333333334,3.0,0.1,1.0,364.9666666666667,2.0,44.86666666666667,5.0,13.866666666666664,4.0,1.0
38.63333333333333,1.0,59.500000000000014,2.0,0.1,5.0,247.33333333333331,3.0,0.1,4.0,67.93333333333334,3.0,0.1,3.0,364.9666666666667,4.0,44.86666666666667,5.0,13.866666666666664,3.0,0.0
38.63333333333333,1.0,59.500000000000014,1.0,0.1,1.0,247.33333333333331,5.0,0.1,1.0,67.86666666666666,5.0,0.1,1.0,364.9666666666667,5.0,45.8,2.0,13.866666666666664,1.0,0.0
38.63333333333333,2.0,59.500000000000014,5.0,0.1,3.0,247.33333333333331,5.0,0.1,3.0,67.86666666666666,4.0,0.1,2.0,364.9666666666667,4.0,45.8,2.0,13.866666666666664,4.0,0.0
38.63333333333333,3.0,59.500000000000014,2.0,0.1,4.0,247.33333333333331,3.0,0.1,3.0,67.86666666666666,1.0,0.1,1.0,364.9666666666667,1.0,45.8,5.0,13.866666666666664,5.0,1.0
38.63333333333333,4.0,59.500000000000014,3.0,0.1,2.0,247.33333333333331,4.0,0.1,2.0,67.86666666666666,1.0,0.1,2.0,364.9666666666667,5.0,45.8,4.0,13.866666666666664,1.0,0.0
38.63333333333333,5.0,59.500000000000014,4.0,0.1,1.0,247.33333333333331,2.0,0.1,2.0,67.86666666666666,1.0,0.1,1.0,364.9666666666667,2.0,45.8,3.0,13.866666666666664,2.0,0.0
38.63333333333333,1.0,59.500000000000014,5.0,0.1,3.0,247.33333333333331,2.0,0.1,5.0,67.86666666666666,5.0,0.1,5.0,364.9666666666667,1.0,45.8,4.0,13.866666666666664,5.0,1.0
38.63333333333333,5.0,59.500000000000014,3.0,0.1,3.0,247.33333333333331,3.0,0.1,4.0,67.86666666666666,1.0,0.1,3.0,364.9666666666667,5.0,45.8,3.0,13.866666666666664,2.0,0.0
38.63333333333333,4.0,59.500000000000014,3.0,0.1,5.0,247.33333333333331,4.0,0.1,3.0,67.86666666666666,1.0,0.1,3.0,364.9666666666667,1.0,45.8,4.0,13.866666666666664,1.0,0.0
38.63333333333333,3.0,59.500000000000014,1.0,0.1,2.0,247.33333333333331,5.0,0.1,2.0,67.86666666666666,3.0,0.1,5.0,364.9666666666667,4.0,45.8,1.0,13.866666666666664,2.0,0.0
38.63333333333333,2.0,59.500000000000014,3.0,0.1,2.0,247.33333333333331,2.0,0.1,3.0,67.86666666666666,2.0,0.1,2.0,364.9666666666667,3.0,45.8,5.0,13.866666666666664,3.0,0.0
38.63333333333333,4.0,59.500000000000014,2.0,0.1,2.0,247.33333333333331,3.0,0.1,3.0,67.86666666666666,1.0,0.1,1.0,364.9666666666667,2.0,45.8,5.0,13.866666666666664,4.0,1.0
38.63333333333333,1.0,59.5,1.0,0.1,1.0,250.46666666666667,5.0,0.1,1.0,67.86666666666666,5.0,0.1,1.0,386.7,5.0,45.8,2.0,13.866666666666664,1.0,0.0
38.63333333333333,3.0,59.5,3.0,0.1,3.0,250.46666666666667,3.0,0.1,2.0,67.86666666666666,1.0,0.1,5.0,386.7,5.0,45.8,1.0,13.866666666666664,3.0,0.0
38.63333333333333,5.0,59.5,3.0,0.1,4.0,250.46666666666667,5.0,0.1,5.0,67.86666666666666,2.0,0.1,5.0,386.7,3.0,45.8,1.0,13.866666666666664,4.0,1.0
38.63333333333333,3.0,59.5,2.0,0.1,1.0,250.46666666666667,5.0,0.1,1.0,67.86666666666666,3.0,0.1,1.0,386.7,4.0,45.8,5.0,13.866666666666664,4.0,0.0
38.63333333333333,5.0,59.5,5.0,0.1,2.0,250.46666666666667,3.0,0.1,5.0,67.86666666666666,2.0,0.1,4.0,386.7,1.0,45.8,5.0,13.866666666666664,4.0,0.0
38.63333333333333,2.0,59.5,3.0,0.1,5.0,250.46666666666667,1.0,0.1,5.0,67.86666666666666,2.0,0.1,3.0,386.7,3.0,45.8,4.0,13.866666666666664,5.0,1.0
38.63333333333333,3.0,59.5,4.0,0.1,4.0,250.46666666666667,4.0,0.1,2.0,67.86666666666666,5.0,0.1,1.0,386.7,1.0,45.8,1.0,13.866666666666664,5.0,0.0
38.63333333333333,5.0,59.5,4.0,0.1,5.0,250.46666666666667,1.0,0.1,3.0,67.86666666666666,3.0,0.1,4.0,386.7,4.0,45.8,3.0,13.866666666666664,2.0,0.0
38.63333333333333,2.0,59.5,3.0,0.1,4.0,250.46666666666667,3.0,0.1,3.0,67.86666666666666,1.0,0.1,4.0,386.7,3.0,45.8,1.0,13.866666666666664,2.0,0.0
38.63333333333333,3.0,59.5,5.0,0.1,1.0,250.46666666666667,2.0,0.1,5.0,67.86666666666666,1.0,0.1,4.0,386.7,2.0,45.8,2.0,13.866666666666664,3.0,0.0
38.63333333333333,5.0,59.5,3.0,0.1,3.0,250.46666666666667,1.0,0.1,2.0,67.86666666666666,1.0,0.1,5.0,386.7,2.0,45.8,2.0,13.866666666666664,5.0,0.0
41.86666666666667,1.0,59.5,1.0,0.2,1.0,255.76666666666665,5.0,0.1,1.0,69.2,5.0,0.1,1.0,386.7,5.0,48.86666666666667,2.0,16.266666666666666,1.0,0.0
41.86666666666667,1.0,59.5,3.0,0.2,3.0,255.76666666666665,2.0,0.1,4.0,69.2,5.0,0.1,2.0,386.7,2.0,48.86666666666667,2.0,16.266666666666666,5.0,0.0
41.86666666666667,4.0,59.5,3.0,0.2,3.0,255.76666666666665,5.0,0.1,4.0,69.2,2.0,0.1,1.0,386.7,4.0,48.86666666666667,1.0,16.266666666666666,1.0,0.0
41.86666666666667,4.0,59.5,2.0,0.2,1.0,255.76666666666665,1.0,0.1,2.0,69.2,1.0,0.1,3.0,386.7,2.0,48.86666666666667,3.0,16.266666666666666,3.0,0.0
41.86666666666667,1.0,59.5,2.0,0.2,5.0,255.76666666666665,5.0,0.1,3.0,69.2,5.0,0.1,3.0,386.7,1.0,48.86666666666667,5.0,16.266666666666666,3.0,0.0
41.86666666666667,2.0,59.5,4.0,0.2,3.0,255.76666666666665,2.0,0.1,2.0,69.2,4.0,0.1,2.0,386.7,1.0,48.86666666666667,5.0,16.266666666666666,2.0,0.0
41.86666666666667,5.0,59.5,4.0,0.2,4.0,255.76666666666665,5.0,0.1,5.0,69.2,1.0,0.1,4.0,386.7,1.0,48.86666666666667,5.0,16.266666666666666,1.0,1.0
41.86666666666667,4.0,59.5,1.0,0.2,1.0,255.76666666666665,3.0,0.1,5.0,69.2,3.0,0.1,3.0,386.7,4.0,48.86666666666667,3.0,16.266666666666666,2.0,1.0
41.86666666666667,2.0,59.5,4.0,0.2,2.0,255.76666666666665,1.0,0.1,1.0,69.2,5.0,0.1,2.0,386.7,1.0,48.86666666666667,4.0,16.266666666666666,3.0,0.0
41.86666666666667,2.0,59.5,3.0,0.2,4.0,255.76666666666665,4.0,0.1,2.0,69.2,4.0,0.1,4.0,386.7,1.0,48.86666666666667,1.0,16.266666666666666,4.0,0.0
41.86666666666667,1.0,59.5,5.0,0.2,4.0,255.76666666666665,3.0,0.1,2.0,69.2,2.0,0.1,4.0,386.7,4.0,48.86666666666667,2.0,16.266666666666666,3.0,0.0
41.86666666666667,1.0,59.5,1.0,0.2,1.0,266.46666666666664,5.0,0.1,1.0,69.2,5.0,0.1666666666666666,1.0,386.7,5.0,48.86666666666667,2.0,16.266666666666666,1.0,0.0
41.86666666666667,4.0,59.5,1.0,0.2,5.0,266.46666666666664,1.0,0.1,2.0,69.2,3.0,0.1666666666666666,2.0,386.7,1.0,48.86666666666667,4.0,16.266666666666666,1.0,1.0
41.86666666666667,2.0,59.5,5.0,0.2,1.0,266.46666666666664,1.0,0.1,4.0,69.2,1.0,0.1666666666666666,5.0,386.7,3.0,48.86666666666667,5.0,16.266666666666666,2.0,0.0
41.86666666666667,4.0,59.5,5.0,0.2,2.0,266.46666666666664,3.0,0.1,3.0,69.2,3.0,0.1666666666666666,2.0,386.7,2.0,48.86666666666667,4.0,16.266666666666666,1.0,0.0
41.86666666666667,1.0,59.5,1.0,0.2,3.0,266.46666666666664,1.0,0.1,2.0,69.2,3.0,0.1666666666666666,5.0,386.7,1.0,48.86666666666667,3.0,16.266666666666666,1.0,0.0
41.86666666666667,4.0,59.5,3.0,0.2,5.0,266.46666666666664,1.0,0.1,1.0,69.2,1.0,0.1666666666666666,2.0,386.7,1.0,48.86666666666667,1.0,16.266666666666666,2.0,0.0
41.86666666666667,1.0,59.5,5.0,0.2,2.0,266.46666666666664,3.0,0.1,2.0,69.2,3.0,0.1666666666666666,4.0,386.7,4.0,48.86666666666667,3.0,16.266666666666666,4.0,1.0
41.86666666666667,2.0,59.5,1.0,0.2,4.0,266.46666666666664,3.0,0.1,4.0,69.2,3.0,0.1666666666666666,2.0,386.7,1.0,48.86666666666667,5.0,16.266666666666666,2.0,0.0
41.86666666666667,5.0,59.5,2.0,0.2,5.0,266.46666666666664,3.0,0.1,5.0,69.2,4.0,0.1666666666666666,1.0,386.7,3.0,48.86666666666667,3.0,16.266666666666666,2.0,1.0
41.86666666666667,4.0,59.5,5.0,0.2,1.0,266.46666666666664,3.0,0.1,4.0,69.2,1.0,0.1666666666666666,2.0,386.7,2.0,48.86666666666667,1.0,16.266666666666666,5.0,0.0
41.86666666666667,3.0,59.5,5.0,0.2,5.0,266.46666666666664,4.0,0.1,2.0,69.2,3.0,0.1666666666666666,5.0,386.7,3.0,48.86666666666667,3.0,16.266666666666666,1.0,0.0
41.86666666666667,1.0,73.23333333333335,1.0,0.2,1.0,266.46666666666664,5.0,0.1333333333333333,1.0,70.16666666666667,5.0,0.1666666666666666,1.0,386.7,5.0,48.86666666666667,2.0,16.266666666666666,1.0,0.0
41.86666666666667,2.0,73.23333333333335,3.0,0.2,3.0,266.46666666666664,1.0,0.1333333333333333,5.0,70.16666666666667,5.0,0.1666666666666666,5.0,386.7,2.0,48.86666666666667,2.0,16.266666666666666,1.0,0.0
41.86666666666667,5.0,73.23333333333335,5.0,0.2,1.0,266.46666666666664,5.0,0.1333333333333333,1.0,70.16666666666667,3.0,0.1666666666666666,3.0,386.7,5.0,48.86666666666667,4.0,16.266666666666666,5.0,0.0
41.86666666666667,5.0,73.23333333333335,5.0,0.2,3.0,266.46666666666664,2.0,0.1333333333333333,5.0,70.16666666666667,4.0,0.1666666666666666,5.0,386.7,3.0,48.86666666666667,5.0,16.266666666666666,4.0,1.0
41.86666666666667,3.0,73.23333333333335,4.0,0.2,4.0,266.46666666666664,5.0,0.1333333333333333,2.0,70.16666666666667,2.0,0.1666666666666666,5.0,386.7,5.0,48.86666666666667,1.0,16.266666666666666,2.0,1.0
41.86666666666667,4.0,73.23333333333335,1.0,0.2,1.0,266.46666666666664,4.0,0.1333333333333333,4.0,70.16666666666667,3.0,0.1666666666666666,5.0,386.7,2.0,48.86666666666667,3.0,16.266666666666666,4.0,0.0
41.86666666666667,4.0,73.23333333333335,3.0,0.2,3.0,266.46666666666664,5.0,0.1333333333333333,2.0,70.16666666666667,4.0,0.1666666666666666,5.0,386.7,4.0,48.86666666666667,5.0,16.266666666666666,3.0,0.0
41.86666666666667,4.0,73.23333333333335,2.0,0.2,2.0,266.46666666666664,2.0,0.1333333333333333,5.0,70.16666666666667,1.0,0.1666666666666666,4.0,386.7,3.0,48.86666666666667,1.0,16.266666666666666,4.0,0.0
41.86666666666667,3.0,73.23333333333335,2.0,0.2,1.0,266.46666666666664,1.0,0.1333333333333333,2.0,70.16666666666667,4.0,0.1666666666666666,1.0,386.7,5.0,48.86666666666667,3.0,16.266666666666666,2.0,1.0
41.86666666666667,5.0,73.23333333333335,2.0,0.2,2.0,266.46666666666664,3.0,0.1333333333333333,5.0,70.16666666666667,2.0,0.1666666666666666,5.0,386.7,2.0,48.86666666666667,2.0,16.266666666666666,4.0,0.0
41.86666666666667,1.0,73.23333333333335,2.0,0.2,3.0,266.46666666666664,1.0,0.1333333333333333,1.0,70.16666666666667,5.0,0.1666666666666666,1.0,386.7,3.0,48.86666666666667,4.0,16.266666666666666,2.0,1.0
41.86666666666667,1.0,73.23333333333335,1.0,0.2,1.0,266.46666666666664,5.0,0.1333333333333333,1.0,78.36666666666666,5.0,0.1666666666666666,1.0,419.1666666666666,5.0,48.86666666666667,2.0,16.266666666666666,1.0,0.0
41.86666666666667,4.0,73.23333333333335,4.0,0.2,5.0,266.46666666666664,5.0,0.1333333333333333,2.0,78.36666666666666,1.0,0.1666666666666666,2.0,419.1666666666666,1.0,48.86666666666667,3.0,16.266666666666666,1.0,0.0
41.86666666666667,2.0,73.23333333333335,5.0,0.2,4.0,266.46666666666664,3.0,0.1333333333333333,1.0,78.36666666666666,2.0,0.1666666666666666,3.0,419.1666666666666,4.0,48.86666666666667,2.0,16.266666666666666,4.0,0.0
41.86666666666667,3.0,73.23333333333335,1.0,0.2,3.0,266.46666666666664,2.0,0.1333333333333333,2.0,78.36666666666666,4.0,0.1666666666666666,2.0,419.1666666666666,4.0,48.86666666666667,4.0,16.266666666666666,4.0,0.0
41.86666666666667,2.0,73.23333333333335,2.0,0.2,5.0,266.46666666666664,2.0,0.1333333333333333,4.0,78.36666666666666,1.0,0.1666666666666666,4.0,419.1666666666666,5.0,48.86666666666667,4.0,16.266666666666666,3.0,0.0
41.86666666666667,2.0,73.23333333333335,1.0,0.2,4.0,266.46666666666664,4.0,0.1333333333333333,4.0,78.36666666666666,4.0,0.1666666666666666,1.0,419.1666666666666,4.0,48.86666666666667,4.0,16.266666666666666,2.0,0.0
41.86666666666667,3.0,73.23333333333335,4.0,0.2,3.0,266.46666666666664,4.0,0.1333333333333333,4.0,78.36666666666666,4.0,0.1666666666666666,4.0,419.1666666666666,5.0,48.86666666666667,2.0,16.266666666666666,5.0,1.0
41.86666666666667,2.0,73.23333333333335,3.0,0.2,4.0,266.46666666666664,2.0,0.1333333333333333,2.0,78.36666666666666,5.0,0.1666666666666666,3.0,419.1666666666666,4.0,48.86666666666667,1.0,16.266666666666666,1.0,1.0
41.86666666666667,4.0,73.23333333333335,5.0,0.2,3.0,266.46666666666664,5.0,0.1333333333333333,3.0,78.36666666666666,5.0,0.1666666666666666,2.0,419.1666666666666,3.0,48.86666666666667,2.0,16.266666666666666,4.0,0.0
41.86666666666667,1.0,73.23333333333335,2.0,0.2,3.0,266.46666666666664,1.0,0.1333333333333333,3.0,78.36666666666666,5.0,0.1666666666666666,5.0,419.1666666666666,1.0,48.86666666666667,3.0,16.266666666666666,3.0,0.0
41.86666666666667,3.0,73.23333333333335,4.0,0.2,2.0,266.46666666666664,2.0,0.1333333333333333,4.0,78.36666666666666,4.0,0.1666666666666666,1.0,419.1666666666666,2.0,48.86666666666667,3.0,16.266666666666666,5.0,0.0
41.86666666666667,1.0,73.23333333333335,2.0,0.2,1.0,276.8666666666667,5.0,0.1333333333333333,1.0,81.43333333333334,5.0,0.1666666666666666,1.0,419.1666666666666,5.0,54.266666666666666,2.0,16.266666666666666,1.0,0.0
41.86666666666667,5.0,73.23333333333335,4.0,0.2,5.0,276.8666666666667,4.0,0.1333333333333333,5.0,81.43333333333334,1.0,0.1666666666666666,2.0,419.1666666666666,2.0,54.266666666666666,1.0,16.266666666666666,4.0,1.0
41.86666666666667,1.0,73.23333333333335,1.0,0.2,3.0,276.8666666666667,3.0,0.1333333333333333,2.0,81.43333333333334,5.0,0.1666666666666666,2.0,419.1666666666666,3.0,54.266666666666666,3.0,16.266666666666666,2.0,0.0
41.86666666666667,1.0,73.23333333333335,3.0,0.2,1.0,276.8666666666667,3.0,0.1333333333333333,4.0,81.43333333333334,3.0,0.1666666666666666,2.0,419.1666666666666,2.0,54.266666666666666,2.0,16.266666666666666,2.0,0.0
41.86666666666667,1.0,73.23333333333335,1.0,0.2,3.0,276.8666666666667,4.0,0.1333333333333333,2.0,81.43333333333334,2.0,0.1666666666666666,4.0,419.1666666666666,2.0,54.266666666666666,4.0,16.266666666666666,1.0,0.0
41.86666666666667,2.0,73.23333333333335,4.0,0.2,3.0,276.8666666666667,2.0,0.1333333333333333,1.0,81.43333333333334,1.0,0.1666666666666666,4.0,419.1666666666666,2.0,54.266666666666666,3.0,16.266666666666666,5.0,0.0
41.86666666666667,1.0,73.23333333333335,4.0,0.2,4.0,276.8666666666667,2.0,0.1333333333333333,3.0,81.43333333333334,1.0,0.1666666666666666,4.0,419.1666666666666,4.0,54.266666666666666,2.0,16.266666666666666,3.0,1.0
41.86666666666667,1.0,73.23333333333335,5.0,0.2,3.0,276.8666666666667,1.0,0.1333333333333333,1.0,81.43333333333334,2.0,0.1666666666666666,5.0,419.1666666666666,2.0,54.266666666666666,5.0,16.266666666666666,3.0,0.0
41.86666666666667,1.0,73.23333333333335,1.0,0.2,5.0,276.8666666666667,5.0,0.1333333333333333,1.0,81.43333333333334,4.0,0.1666666666666666,5.0,419.1666666666666,5.0,54.266666666666666,2.0,16.266666666666666,5.0,0.0
41.86666666666667,1.0,73.23333333333335,4.0,0.2,1.0,276.8666666666667,2.0,0.1333333333333333,1.0,81.43333333333334,3.0,0.1666666666666666,5.0,419.1666666666666,4.0,54.266666666666666,2.0,16.266666666666666,3.0,0.0
41.86666666666667,2.0,73.23333333333335,1.0,0.2,3.0,276.8666666666667,5.0,0.1333333333333333,3.0,81.43333333333334,2.0,0.1666666666666666,1.0,419.1666666666666,5.0,54.266666666666666,4.0,16.266666666666666,1.0,1.0
41.86666666666667,1.0,73.23333333333333,2.0,0.2,1.0,291.5333333333333,5.0,0.1333333333333333,1.0,81.43333333333334,5.0,0.1666666666666666,1.0,468.4333333333333,5.0,54.266666666666666,2.0,16.266666666666666,1.0,0.0
41.86666666666667,2.0,73.23333333333333,5.0,0.2,1.0,291.5333333333333,5.0,0.1333333333333333,1.0,81.43333333333334,4.0,0.1666666666666666,2.0,468.4333333333333,5.0,54.266666666666666,3.0,16.266666666666666,2.0,0.0
41.86666666666667,3.0,73.23333333333333,2.0,0.2,4.0,291.5333333333333,3.0,0.1333333333333333,4.0,81.43333333333334,3.0,0.1666666666666666,1.0,468.4333333333333,1.0,54.266666666666666,1.0,16.266666666666666,3.0,0.0
41.86666666666667,5.0,73.23333333333333,1.0,0.2,5.0,291.5333333333333,5.0,0.1333333333333333,4.0,81.43333333333334,3.0,0.1666666666666666,1.0,468.4333333333333,1.0,54.266666666666666,1.0,16.266666666666666,4.0,1.0
41.86666666666667,1.0,73.23333333333333,1.0,0.2,4.0,291.5333333333333,4.0,0.1333333333333333,4.0,81.43333333333334,1.0,0.1666666666666666,1.0,468.4333333333333,1.0,54.266666666666666,4.0,16.266666666666666,4.0,1.0
41.86666666666667,2.0,73.23333333333333,5.0,0.2,1.0,291.5333333333333,4.0,0.1333333333333333,3.0,81.43333333333334,1.0,0.1666666666666666,5.0,468.4333333333333,3.0,54.266666666666666,4.0,16.266666666666666,1.0,0.0
41.86666666666667,4.0,73.23333333333333,1.0,0.2,4.0,291.5333333333333,5.0,0.1333333333333333,4.0,81.43333333333334,2.0,0.1666666666666666,5.0,468.4333333333333,4.0,54.266666666666666,1.0,16.266666666666666,1.0,0.0
41.86666666666667,1.0,73.23333333333333,3.0,0.2,3.0,291.5333333333333,3.0,0.1333333333333333,4.0,81.43333333333334,5.0,0.1666666666666666,4.0,468.4333333333333,1.0,54.266666666666666,1.0,16.266666666666666,1.0,0.0
41.86666666666667,5.0,73.23333333333333,2.0,0.2,1.0,291.5333333333333,5.0,0.1333333333333333,2.0,81.43333333333334,5.0,0.1666666666666666,4.0,468.4333333333333,5.0,54.266666666666666,5.0,16.266666666666666,1.0,0.0
41.86666666666667,4.0,73.23333333333333,4.0,0.2,3.0,291.5333333333333,2.0,0.1333333333333333,5.0,81.43333333333334,4.0,0.1666666666666666,5.0,468.4333333333333,2.0,54.266666666666666,5.0,16.266666666666666,2.0,0.0
41.86666666666667,2.0,73.23333333333333,2.0,0.2,5.0,291.5333333333333,5.0,0.1333333333333333,2.0,81.43333333333334,2.0,0.1666666666666666,2.0,468.4333333333333,1.0,54.266666666666666,3.0,16.266666666666666,2.0,1.0
49.3,1.0,73.23333333333333,2.0,0.0333333333333333,1.0,303.1333333333333,5.0,0.1333333333333333,1.0,84.86666666666666,5.0,0.1666666666666666,1.0,468.4333333333333,5.0,59.1,2.0,19.7,1.0,0.0
49.3,4.0,73.23333333333333,3.0,0.0333333333333333,4.0,303.1333333333333,1.0,0.1333333333333333,3.0,84.86666666666666,4.0,0.1666666666666666,2.0,468.4333333333333,5.0,59.1,3.0,19.7,2.0,1.0
49.3,3.0,73.23333333333333,3.0,0.0333333333333333,5.0,303.1333333333333,4.0,0.1333333333333333,1.0,84.86666666666666,3.0,0.1666666666666666,3.0,468.4333333333333,1.0,59.1,4.0,19.7,3.0,0.0
49.3,4.0,73.23333333333333,2.0,0.0333333333333333,2.0,303.1333333333333,1.0,0.1333333333333333,2.0,84.86666666666666,5.0,0.1666666666666666,4.0,468.4333333333333,1.0,59.1,3.0,19.7,1.0,1.0
49.3,4.0,73.23333333333333,3.0,0.0333333333333333,4.0,303.1333333333333,3.0,0.1333333333333333,2.0,84.86666666666666,2.0,0.1666666666666666,2.0,468.4333333333333,3.0,59.1,3.0,19.7,4.0,0.0
49.3,5.0,73.23333333333333,5.0,0.0333333333333333,5.0,303.1333333333333,2.0,0.1333333333333333,1.0,84.86666666666666,1.0,0.1666666666666666,1.0,468.4333333333333,5.0,59.1,5.0,19.7,5.0,0.0
49.3,3.0,73.23333333333333,5.0,0.0333333333333333,5.0,303.1333333333333,3.0,0.1333333333333333,5.0,84.86666666666666,2.0,0.1666666666666666,3.0,468.4333333333333,5.0,59.1,2.0,19.7,4.0,1.0
49.3,2.0,73.23333333333333,4.0,0.0333333333333333,3.0,303.1333333333333,2.0,0.1333333333333333,4.0,84.86666666666666,1.0,0.1666666666666666,1.0,468.4333333333333,5.0,59.1,4.0,19.7,3.0,0.0
49.3,3.0,73.23333333333333,3.0,0.0333333333333333,1.0,303.1333333333333,3.0,0.1333333333333333,3.0,84.86666666666666,2.0,0.1666666666666666,1.0,468.4333333333333,5.0,59.1,4.0,19.7,4.0,0.0
49.3,1.0,73.23333333333333,3.0,0.0333333333333333,5.0,303.1333333333333,2.0,0.1333333333333333,5.0,84.86666666666666,1.0,0.1666666666666666,2.0,468.4333333333333,2.0,59.1,4.0,19.7,1.0,0.0
49.3,2.0,73.23333333333333,5.0,0.0333333333333333,5.0,303.1333333333333,2.0,0.1333333333333333,3.0,84.86666666666666,2.0,0.1666666666666666,2.0,468.4333333333333,4.0,59.1,2.0,19.7,1.0,0.0
49.3,1.0,73.23333333333333,2.0,0.0333333333333333,1.0,316.46666666666664,5.0,0.1333333333333333,1.0,84.86666666666666,5.0,0.0333333333333333,1.0,468.4333333333333,5.0,59.1,2.0,19.7,1.0,0.0
49.3,2.0,73.23333333333333,2.0,0.0333333333333333,4.0,316.46666666666664,1.0,0.1333333333333333,2.0,84.86666666666666,1.0,0.0333333333333333,5.0,468.4333333333333,5.0,59.1,4.0,19.7,2.0,0.0
49.3,5.0,73.23333333333333,1.0,0.0333333333333333,4.0,316.46666666666664,1.0,0.1333333333333333,3.0,84.86666666666666,5.0,0.0333333333333333,1.0,468.4333333333333,1.0,59.1,5.0,19.7,1.0,0.0
49.3,2.0,73.23333333333333,5.0,0.0333333333333333,5.0,316.46666666666664,2.0,0.1333333333333333,1.0,84.86666666666666,1.0,0.0333333333333333,1.0,468.4333333333333,5.0,59.1,3.0,19.7,4.0,0.0
49.3,4.0,73.23333333333333,4.0,0.0333333333333333,3.0,316.46666666666664,4.0,0.1333333333333333,3.0,84.86666666666666,2.0,0.0333333333333333,3.0,468.4333333333333,2.0,59.1,5.0,19.7,4.0,0.0
49.3,3.0,73.23333333333333,5.0,0.0333333333333333,2.0,316.46666666666664,3.0,0.1333333333333333,1.0,84.86666666666666,2.0,0.0333333333333333,3.0,468.4333333333333,3.0,59.1,5.0,19.7,4.0,0.0
49.3,4.0,73.23333333333333,4.0,0.0333333333333333,2.0,316.46666666666664,3.0,0.1333333333333333,3.0,84.86666666666666,1.0,0.0333333333333333,5.0,468.4333333333333,3.0,59.1,2.0,19.7,4.0,0.0
49.3,1.0,73.23333333333333,3.0,0.0333333333333333,1.0,316.46666666666664,3.0,0.1333333333333333,3.0,84.86666666666666,3.0,0.0333333333333333,5.0,468.4333333333333,3.0,59.1,3.0,19.7,1.0,0.0
49.3,3.0,73.23333333333333,5.0,0.0333333333333333,3.0,316.46666666666664,3.0,0.1333333333333333,3.0,84.86666666666666,3.0,0.0333333333333333,1.0,468.4333333333333,1.0,59.1,3.0,19.7,3.0,0.0
49.3,2.0,73.23333333333333,4.0,0.0333333333333333,4.0,316.46666666666664,1.0,0.1333333333333333,3.0,84.86666666666666,4.0,0.0333333333333333,4.0,468.4333333333333,2.0,59.1,5.0,19.7,4.0,0.0
49.3,5.0,73.23333333333333,2.0,0.0333333333333333,1.0,316.46666666666664,3.0,0.1333333333333333,1.0,84.86666666666666,5.0,0.0333333333333333,5.0,468.4333333333333,4.0,59.1,5.0,19.7,1.0,0.0
49.3,1.0,75.70000000000002,2.0,0.0333333333333333,1.0,316.46666666666664,5.0,0.0666666666666666,1.0,85.56666666666666,5.0,0.0333333333333333,1.0,468.4333333333333,5.0,59.1,2.0,19.7,1.0,0.0
49.3,2.0,75.70000000000002,2.0,0.0333333333333333,3.0,316.46666666666664,4.0,0.0666666666666666,1.0,85.56666666666666,4.0,0.0333333333333333,5.0,468.4333333333333,1.0,59.1,5.0,19.7,4.0,0.0
49.3,4.0,75.70000000000002,4.0,0.0333333333333333,1.0,316.46666666666664,1.0,0.0666666666666666,4.0,85.56666666666666,2.0,0.0333333333333333,2.0,468.4333333333333,3.0,59.1,4.0,19.7,1.0,0.0
49.3,1.0,75.70000000000002,1.0,0.0333333333333333,5.0,316.46666666666664,1.0,0.0666666666666666,3.0,85.56666666666666,4.0,0.0333333333333333,3.0,468.4333333333333,2.0,59.1,1.0,19.7,4.0,1.0
49.3,1.0,75.70000000000002,3.0,0.0333333333333333,1.0,316.46666666666664,2.0,0.0666666666666666,1.0,85.56666666666666,4.0,0.0333333333333333,4.0,468.4333333333333,4.0,59.1,1.0,19.7,2.0,0.0
49.3,5.0,75.70000000000002,2.0,0.0333333333333333,4.0,316.46666666666664,3.0,0.0666666666666666,5.0,85.56666666666666,1.0,0.0333333333333333,5.0,468.4333333333333,3.0,59.1,2.0,19.7,1.0,0.0
49.3,1.0,75.70000000000002,3.0,0.0333333333333333,4.0,316.46666666666664,3.0,0.0666666666666666,1.0,85.56666666666666,2.0,0.0333333333333333,2.0,468.4333333333333,2.0,59.1,5.0,19.7,2.0,0.0
49.3,4.0,75.70000000000002,4.0,0.0333333333333333,1.0,316.46666666666664,1.0,0.0666666666666666,4.0,85.56666666666666,4.0,0.0333333333333333,4.0,468.4333333333333,3.0,59.1,3.0,19.7,1.0,0.0
49.3,1.0,75.70000000000002,1.0,0.0333333333333333,1.0,316.46666666666664,2.0,0.0666666666666666,5.0,85.56666666666666,4.0,0.0333333333333333,5.0,468.4333333333333,2.0,59.1,3.0,19.7,5.0,0.0
49.3,4.0,75.70000000000002,5.0,0.0333333333333333,5.0,316.46666666666664,4.0,0.0666666666666666,3.0,85.56666666666666,5.0,0.0333333333333333,4.0,468.4333333333333,2.0,59.1,4.0,19.7,3.0,1.0
49.3,4.0,75.70000000000002,5.0,0.0333333333333333,3.0,316.46666666666664,1.0,0.0666666666666666,5.0,85.56666666666666,3.0,0.0333333333333333,2.0,468.4333333333333,4.0,59.1,2.0,19.7,2.0,0.0
49.3,1.0,75.70000000000002,2.0,0.0333333333333333,1.0,316.46666666666664,5.0,0.0666666666666666,1.0,86.26666666666667,5.0,0.0333333333333333,1.0,480.2,5.0,59.1,2.0,19.7,1.0,0.0
49.3,3.0,75.70000000000002,2.0,0.0333333333333333,5.0,316.46666666666664,1.0,0.0666666666666666,4.0,86.26666666666667,3.0,0.0333333333333333,5.0,480.2,3.0,59.1,5.0,19.7,1.0,1.0
49.3,4.0,75.70000000000002,1.0,0.0333333333333333,5.0,316.46666666666664,4.0,0.0666666666666666,1.0,86.26666666666667,5.0,0.0333333333333333,2.0,480.2,3.0,59.1,1.0,19.7,1.0,0.0
49.3,3.0,75.70000000000002,5.0,0.0333333333333333,1.0,316.46666666666664,4.0,0.0666666666666666,1.0,86.26666666666667,2.0,0.0333333333333333,1.0,480.2,1.0,59.1,3.0,19.7,5.0,0.0
49.3,3.0,75.70000000000002,1.0,0.0333333333333333,2.0,316.46666666666664,5.0,0.0666666666666666,1.0,86.26666666666667,1.0,0.0333333333333333,5.0,480.2,1.0,59.1,5.0,19.7,4.0,0.0
49.3,1.0,75.70000000000002,3.0,0.0333333333333333,5.0,316.46666666666664,5.0,0.0666666666666666,3.0,86.26666666666667,5.0,0.0333333333333333,4.0,480.2,1.0,59.1,4.0,19.7,4.0,0.0
49.3,5.0,75.70000000000002,3.0,0.0333333333333333,2.0,316.46666666666664,5.0,0.0666666666666666,5.0,86.26666666666667,4.0,0.0333333333333333,4.0,480.2,1.0,59.1,3.0,19.7,1.0,0.0
49.3,2.0,75.70000000000002,5.0,0.0333333333333333,1.0,316.46666666666664,1.0,0.0666666666666666,5.0,86.26666666666667,1.0,0.0333333333333333,4.0,480.2,4.0,59.1,2.0,19.7,1.0,1.0
49.3,4.0,75.70000000000002,5.0,0.0333333333333333,5.0,316.46666666666664,5.0,0.0666666666666666,4.0,86.26666666666667,5.0,0.0333333333333333,4.0,480.2,4.0,59.1,5.0,19.7,2.0,0.0
49.3,2.0,75.70000000000002,2.0,0.0333333333333333,1.0,316.46666666666664,2.0,0.0666666666666666,3.0,86.26666666666667,5.0,0.0333333333333333,1.0,480.2,4.0,59.1,4.0,19.7,5.0,1.0
49.3,3.0,75.70000000000002,5.0,0.0333333333333333,5.0,316.46666666666664,4.0,0.0666666666666666,5.0,86.26666666666667,4.0,0.0333333333333333,1.0,480.2,5.0,59.1,1.0,19.7,2.0,0.0
49.3,1.0,75.70000000000002,2.0,0.0333333333333333,1.0,317.43333333333334,5.0,0.0666666666666666,1.0,86.03333333333333,5.0,0.0333333333333333,1.0,480.2,5.0,55.96666666666667,3.0,19.7,1.0,0.0
49.3,1.0,75.70000000000002,4.0,0.0333333333333333,5.0,317.43333333333334,4.0,0.0666666666666666,2.0,86.03333333333333,5.0,0.0333333333333333,2.0,480.2,4.0,55.96666666666667,3.0,19.7,1.0,1.0
49.3,5.0,75.70000000000002,5.0,0.0333333333333333,3.0,317.43333333333334,5.0,0.0666666666666666,1.0,86.03333333333333,5.0,0.0333333333333333,2.0,480.2,1.0,55.96666666666667,4.0,19.7,2.0,0.0
49.3,2.0,75.70000000000002,4.0,0.0333333333333333,1.0,317.43333333333334,1.0,0.0666666666666666,2.0,86.03333333333333,4.0,0.0333333333333333,2.0,480.2,1.0,55.96666666666667,4.0,19.7,3.0,0.0
49.3,1.0,75.70000000000002,1.0,0.0333333333333333,4.0,317.43333333333334,1.0,0.0666666666666666,2.0,86.03333333333333,5.0,0.0333333333333333,2.0,480.2,4.0,55.96666666666667,2.0,19.7,5.0,0.0
49.3,4.0,75.70000000000002,3.0,0.0333333333333333,5.0,317.43333333333334,2.0,0.0666666666666666,5.0,86.03333333333333,4.0,0.0333333333333333,4.0,480.2,2.0,55.96666666666667,5.0,19.7,4.0,0.0
49.3,1.0,75.70000000000002,5.0,0.0333333333333333,5.0,317.43333333333334,2.0,0.0666666666666666,5.0,86.03333333333333,3.0,0.0333333333333333,2.0,480.2,2.0,55.96666666666667,2.0,19.7,1.0,0.0
49.3,4.0,75.70000000000002,3.0,0.0333333333333333,2.0,317.43333333333334,4.0,0.0666666666666666,5.0,86.03333333333333,1.0,0.0333333333333333,2.0,480.2,5.0,55.96666666666667,5.0,19.7,5.0,0.0
49.3,1.0,75.70000000000002,5.0,0.0333333333333333,3.0,317.43333333333334,2.0,0.0666666666666666,1.0,86.03333333333333,4.0,0.0333333333333333,5.0,480.2,5.0,55.96666666666667,5.0,19.7,5.0,0.0
49.3,5.0,75.70000000000002,3.0,0.0333333333333333,4.0,317.43333333333334,5.0,0.0666666666666666,1.0,86.03333333333333,4.0,0.0333333333333333,2.0,480.2,1.0,55.96666666666667,1.0,19.7,1.0,0.0
49.3,1.0,75.70000000000002,4.0,0.0333333333333333,4.0,317.43333333333334,3.0,0.0666666666666666,4.0,86.03333333333333,5.0,0.0333333333333333,3.0,480.2,4.0,55.96666666666667,3.0,19.7,2.0,0.0
49.3,1.0,75.7,2.0,0.0333333333333333,1.0,314.4,5.0,0.0666666666666666,1.0,86.03333333333333,5.0,0.0333333333333333,1.0,488.9333333333333,5.0,55.96666666666667,3.0,19.7,1.0,0.0
49.3,4.0,75.7,4.0,0.0333333333333333,4.0,314.4,4.0,0.0666666666666666,4.0,86.03333333333333,3.0,0.0333333333333333,4.0,488.9333333333333,3.0,55.96666666666667,2.0,19.7,4.0,0.0
49.3,4.0,75.7,5.0,0.0333333333333333,2.0,314.4,1.0,0.0666666666666666,2.0,86.03333333333333,4.0,0.0333333333333333,5.0,488.9333333333333,3.0,55.96666666666667,4.0,19.7,1.0,0.0
49.3,3.0,75.7,4.0,0.0333333333333333,3.0,314.4,3.0,0.0666666666666666,4.0,86.03333333333333,4.0,0.0333333333333333,2.0,488.9333333333333,2.0,55.96666666666667,3.0,19.7,2.0,0.0
49.3,2.0,75.7,3.0,0.0333333333333333,3.0,314.4,4.0,0.0666666666666666,2.0,86.03333333333333,5.0,0.0333333333333333,3.0,488.9333333333333,4.0,55.96666666666667,1.0,19.7,1.0,0.0
49.3,3.0,75.7,1.0,0.0333333333333333,3.0,314.4,4.0,0.0666666666666666,4.0,86.03333333333333,2.0,0.0333333333333333,2.0,488.9333333333333,3.0,55.96666666666667,3.0,19.7,4.0,0.0
49.3,5.0,75.7,2.0,0.0333333333333333,5.0,314.4,2.0,0.0666666666666666,2.0,86.03333333333333,4.0,0.0333333333333333,4.0,488.9333333333333,3.0,55.96666666666667,2.0,19.7,1.0,0.0
49.3,5.0,75.7,3.0,0.0333333333333333,5.0,314.4,3.0,0.0666666666666666,1.0,86.03333333333333,1.0,0.0333333333333333,2.0,488.9333333333333,2.0,55.96666666666667,5.0,19.7,2.0,0.0
49.3,4.0,75.7,3.0,0.0333333333333333,1.0,314.4,3.0,0.0666666666666666,1.0,86.03333333333333,5.0,0.0333333333333333,4.0,488.9333333333333,5.0,55.96666666666667,5.0,19.7,2.0,1.0
49.3,5.0,75.7,4.0,0.0333333333333333,4.0,314.4,5.0,0.0666666666666666,5.0,86.03333333333333,5.0,0.0333333333333333,1.0,488.9333333333333,1.0,55.96666666666667,5.0,19.7,2.0,1.0
49.3,4.0,75.7,5.0,0.0333333333333333,5.0,314.4,3.0,0.0666666666666666,4.0,86.03333333333333,3.0,0.0333333333333333,3.0,488.9333333333333,3.0,55.96666666666667,5.0,19.7,2.0,0.0
49.86666666666667,1.0,75.7,2.0,0.1666666666666666,1.0,315.16666666666663,5.0,0.0666666666666666,1.0,87.33333333333333,5.0,0.0333333333333333,1.0,488.9333333333333,5.0,48.86666666666666,3.0,19.866666666666664,1.0,0.0
49.86666666666667,3.0,75.7,1.0,0.1666666666666666,2.0,315.16666666666663,4.0,0.0666666666666666,4.0,87.33333333333333,4.0,0.0333333333333333,5.0,488.9333333333333,4.0,48.86666666666666,3.0,19.866666666666664,2.0,0.0
49.86666666666667,3.0,75.7,4.0,0.1666666666666666,1.0,315.16666666666663,1.0,0.0666666666666666,2.0,87.33333333333333,1.0,0.0333333333333333,4.0,488.9333333333333,4.0,48.86666666666666,3.0,19.866666666666664,2.0,1.0
49.86666666666667,3.0,75.7,1.0,0.1666666666666666,1.0,315.16666666666663,1.0,0.0666666666666666,1.0,87.33333333333333,3.0,0.0333333333333333,3.0,488.9333333333333,4.0,48.86666666666666,3.0,19.866666666666664,1.0,0.0
49.86666666666667,5.0,75.7,2.0,0.1666666666666666,2.0,315.16666666666663,2.0,0.0666666666666666,2.0,87.33333333333333,2.0,0.0333333333333333,3.0,488.9333333333333,4.0,48.86666666666666,4.0,19.866666666666664,5.0,0.0
49.86666666666667,2.0,75.7,1.0,0.1666666666666666,2.0,315.16666666666663,2.0,0.0666666666666666,3.0,87.33333333333333,1.0,0.0333333333333333,4.0,488.9333333333333,5.0,48.86666666666666,5.0,19.866666666666664,1.0,0.0
49.86666666666667,5.0,75.7,3.0,0.1666666666666666,2.0,315.16666666666663,3.0,0.0666666666666666,3.0,87.33333333333333,5.0,0.0333333333333333,3.0,488.9333333333333,1.0,48.86666666666666,4.0,19.866666666666664,4.0,1.0
49.86666666666667,1.0,75.7,5.0,0.1666666666666666,3.0,315.16666666666663,3.0,0.0666666666666666,5.0,87.33333333333333,1.0,0.0333333333333333,2.0,488.9333333333333,5.0,48.86666666666666,3.0,19.866666666666664,1.0,1.0
49.86666666666667,4.0,75.7,4.0,0.1666666666666666,5.0,315.16666666666663,3.0,0.0666666666666666,2.0,87.33333333333333,5.0,0.0333333333333333,3.0,488.9333333333333,4.0,48.86666666666666,1.0,19.866666666666664,4.0,0.0
49.86666666666667,4.0,75.7,1.0,0.1666666666666666,4.0,315.16666666666663,5.0,0.0666666666666666,3.0,87.33333333333333,1.0,0.0333333333333333,3.0,488.9333333333333,3.0,48.86666666666666,3.0,19.866666666666664,2.0,0.0
49.86666666666667,3.0,75.7,3.0,0.1666666666666666,4.0,315.16666666666663,4.0,0.0666666666666666,5.0,87.33333333333333,4.0,0.0333333333333333,4.0,488.9333333333333,5.0,48.86666666666666,2.0,19.866666666666664,2.0,0.0
49.86666666666667,1.0,75.7,2.0,0.1666666666666666,1.0,321.3,5.0,0.0666666666666666,1.0,87.33333333333333,5.0,0.1666666666666666,1.0,488.9333333333333,5.0,48.86666666666666,3.0,19.866666666666664,1.0,0.0
49.86666666666667,4.0,75.7,1.0,0.1666666666666666,1.0,321.3,4.0,0.0666666666666666,5.0,87.33333333333333,2.0,0.1666666666666666,2.0,488.9333333333333,3.0,48.86666666666666,3.0,19.866666666666664,1.0,0.0
49.86666666666667,4.0,75.7,5.0,0.1666666666666666,4.0,321.3,5.0,0.0666666666666666,2.0,87.33333333333333,1.0,0.1666666666666666,1.0,488.9333333333333,5.0,48.86666666666666,4.0,19.866666666666664,2.0,0.0
49.86666666666667,3.0,75.7,2.0,0.1666666666666666,1.0,321.3,2.0,0.0666666666666666,2.0,87.33333333333333,3.0,0.1666666666666666,1.0,488.9333333333333,2.0,48.86666666666666,3.0,19.866666666666664,2.0,0.0
49.86666666666667,5.0,75.7,5.0,0.1666666666666666,2.0,321.3,4.0,0.0666666666666666,4.0,87.33333333333333,3.0,0.1666666666666666,4.0,488.9333333333333,1.0,48.86666666666666,2.0,19.866666666666664,5.0,1.0
49.86666666666667,3.0,75.7,2.0,0.1666666666666666,1.0,321.3,1.0,0.0666666666666666,3.0,87.33333333333333,4.0,0.1666666666666666,3.0,488.9333333333333,2.0,48.86666666666666,4.0,19.866666666666664,4.0,0.0
49.86666666666667,2.0,75.7,3.0,0.1666666666666666,3.0,321.3,3.0,0.0666666666666666,5.0,87.33333333333333,1.0,0.1666666666666666,3.0,488.9333333333333,3.0,48.86666666666666,2.0,19.866666666666664,4.0,0.0
49.86666666666667,1.0,75.7,1.0,0.1666666666666666,3.0,321.3,4.0,0.0666666666666666,2.0,87.33333333333333,2.0,0.1666666666666666,5.0,488.9333333333333,1.0,48.86666666666666,1.0,19.866666666666664,1.0,0.0
49.86666666666667,1.0,75.7,2.0,0.1666666666666666,5.0,321.3,4.0,0.0666666666666666,2.0,87.33333333333333,2.0,0.1666666666666666,1.0,488.9333333333333,4.0,48.86666666666666,1.0,19.866666666666664,2.0,0.0
49.86666666666667,4.0,75.7,4.0,0.1666666666666666,2.0,321.3,2.0,0.0666666666666666,2.0,87.33333333333333,1.0,0.1666666666666666,4.0,488.9333333333333,3.0,48.86666666666666,3.0,19.866666666666664,5.0,0.0
49.86666666666667,4.0,75.7,2.0,0.1666666666666666,4.0,321.3,4.0,0.0666666666666666,2.0,87.33333333333333,2.0,0.1666666666666666,5.0,488.9333333333333,1.0,48.86666666666666,1.0,19.866666666666664,4.0,0.0
49.86666666666667,1.0,42.33333333333334,2.0,0.1666666666666666,1.0,321.3,5.0,0.1333333333333333,1.0,87.7,5.0,0.1666666666666666,1.0,488.9333333333333,5.0,48.86666666666666,3.0,19.866666666666664,1.0,0.0
49.86666666666667,1.0,42.33333333333334,3.0,0.1666666666666666,2.0,321.3,5.0,0.1333333333333333,4.0,87.7,2.0,0.1666666666666666,4.0,488.9333333333333,4.0,48.86666666666666,4.0,19.866666666666664,2.0,1.0
49.86666666666667,3.0,42.33333333333334,2.0,0.1666666666666666,3.0,321.3,5.0,0.1333333333333333,5.0,87.7,3.0,0.1666666666666666,4.0,488.9333333333333,1.0,48.86666666666666,3.0,19.866666666666664,4.0,0.0
49.86666666666667,3.0,42.33333333333334,5.0,0.1666666666666666,5.0,321.3,3.0,0.1333333333333333,1.0,87.7,2.0,0.1666666666666666,4.0,488.9333333333333,3.0,48.86666666666666,5.0,19.866666666666664,5.0,0.0
49.86666666666667,2.0,42.33333333333334,5.0,0.1666666666666666,3.0,321.3,3.0,0.1333333333333333,1.0,87.7,1.0,0.1666666666666666,3.0,488.9333333333333,3.0,48.86666666666666,3.0,19.866666666666664,1.0,1.0
49.86666666666667,1.0,42.33333333333334,3.0,0.1666666666666666,4.0,321.3,4.0,0.1333333333333333,5.0,87.7,5.0,0.1666666666666666,2.0,488.9333333333333,4.0,48.86666666666666,1.0,19.866666666666664,5.0,0.0
49.86666666666667,5.0,42.33333333333334,4.0,0.1666666666666666,5.0,321.3,1.0,0.1333333333333333,1.0,87.7,4.0,0.1666666666666666,3.0,488.9333333333333,1.0,48.86666666666666,4.0,19.866666666666664,1.0,1.0
49.86666666666667,3.0,42.33333333333334,5.0,0.1666666666666666,3.0,321.3,4.0,0.1333333333333333,4.0,87.7,5.0,0.1666666666666666,3.0,488.9333333333333,5.0,48.86666666666666,3.0,19.866666666666664,5.0,1.0
49.86666666666667,4.0,42.33333333333334,5.0,0.1666666666666666,1.0,321.3,5.0,0.1333333333333333,1.0,87.7,5.0,0.1666666666666666,4.0,488.9333333333333,1.0,48.86666666666666,4.0,19.866666666666664,1.0,0.0
49.86666666666667,2.0,42.33333333333334,1.0,0.1666666666666666,3.0,321.3,2.0,0.1333333333333333,1.0,87.7,3.0,0.1666666666666666,2.0,488.9333333333333,1.0,48.86666666666666,2.0,19.866666666666664,1.0,0.0
49.86666666666667,2.0,42.33333333333334,5.0,0.1666666666666666,3.0,321.3,5.0,0.1333333333333333,1.0,87.7,2.0,0.1666666666666666,4.0,488.9333333333333,2.0,48.86666666666666,5.0,19.866666666666664,3.0,0.0
49.86666666666667,1.0,42.33333333333334,2.0,0.1666666666666666,1.0,321.3,5.0,0.1333333333333333,1.0,89.39999999999999,5.0,0.1666666666666666,1.0,497.23333333333335,5.0,62.40234944444444,3.0,19.866666666666664,1.0,0.0
49.86666666666667,4.0,42.33333333333334,1.0,0.1666666666666666,4.0,321.3,4.0,0.1333333333333333,5.0,89.39999999999999,5.0,0.1666666666666666,4.0,497.23333333333335,3.0,62.40234944444444,3.0,19.866666666666664,2.0,0.0
49.86666666666667,3.0,42.33333333333334,1.0,0.1666666666666666,2.0,321.3,2.0,0.1333333333333333,3.0,89.39999999999999,3.0,0.1666666666666666,4.0,497.23333333333335,3.0,62.40234944444444,1.0,19.866666666666664,3.0,0.0
49.86666666666667,4.0,42.33333333333334,2.0,0.1666666666666666,2.0,321.3,1.0,0.1333333333333333,2.0,89.39999999999999,1.0,0.1666666666666666,5.0,497.23333333333335,1.0,62.40234944444444,4.0,19.866666666666664,3.0,0.0
49.86666666666667,1.0,42.33333333333334,5.0,0.1666666666666666,4.0,321.3,4.0,0.1333333333333333,5.0,89.39999999999999,3.0,0.1666666666666666,2.0,497.23333333333335,1.0,62.40234944444444,5.0,19.866666666666664,3.0,0.0
49.86666666666667,5.0,42.33333333333334,5.0,0.1666666666666666,2.0,321.3,3.0,0.1333333333333333,4.0,89.39999999999999,2.0,0.1666666666666666,1.0,497.23333333333335,2.0,62.40234944444444,3.0,19.866666666666664,1.0,0.0
49.86666666666667,1.0,42.33333333333334,1.0,0.1666666666666666,3.0,321.3,1.0,0.1333333333333333,1.0,89.39999999999999,1.0,0.1666666666666666,1.0,497.23333333333335,5.0,62.40234944444444,1.0,19.866666666666664,3.0,0.0
49.86666666666667,4.0,42.33333333333334,2.0,0.1666666666666666,5.0,321.3,1.0,0.1333333333333333,1.0,89.39999999999999,5.0,0.1666666666666666,1.0,497.23333333333335,1.0,62.40234944444444,1.0,19.866666666666664,1.0,0.0
49.86666666666667,4.0,42.33333333333334,1.0,0.1666666666666666,5.0,321.3,1.0,0.1333333333333333,4.0,89.39999999999999,5.0,0.1666666666666666,3.0,497.23333333333335,3.0,62.40234944444444,1.0,19.866666666666664,2.0,0.0
49.86666666666667,1.0,42.33333333333334,4.0,0.1666666666666666,4.0,321.3,1.0,0.1333333333333333,1.0,89.39999999999999,1.0,0.1666666666666666,1.0,497.23333333333335,4.0,62.40234944444444,1.0,19.866666666666664,4.0,0.0
49.86666666666667,4.0,42.33333333333334,2.0,0.1666666666666666,3.0,321.3,1.0,0.1333333333333333,1.0,89.39999999999999,3.0,0.1666666666666666,1.0,497.23333333333335,4.0,62.40234944444444,2.0,19.866666666666664,1.0,0.0
49.86666666666667,1.0,42.33333333333334,3.0,0.1666666666666666,1.0,327.56666666666666,5.0,0.1333333333333333,1.0,89.0,5.0,0.1666666666666666,1.0,497.23333333333335,5.0,59.14957166666667,3.0,19.866666666666664,1.0,0.0
49.86666666666667,4.0,42.33333333333334,1.0,0.1666666666666666,3.0,327.56666666666666,5.0,0.1333333333333333,2.0,89.0,5.0,0.1666666666666666,4.0,497.23333333333335,3.0,59.14957166666667,5.0,19.866666666666664,5.0,0.0
49.86666666666667,1.0,42.33333333333334,1.0,0.1666666666666666,1.0,327.56666666666666,2.0,0.1333333333333333,5.0,89.0,4.0,0.1666666666666666,4.0,497.23333333333335,1.0,59.14957166666667,3.0,19.866666666666664,2.0,0.0
49.86666666666667,2.0,42.33333333333334,5.0,0.1666666666666666,3.0,327.56666666666666,3.0,0.1333333333333333,1.0,89.0,4.0,0.1666666666666666,3.0,497.23333333333335,2.0,59.14957166666667,4.0,19.866666666666664,1.0,0.0
49.86666666666667,3.0,42.33333333333334,1.0,0.1666666666666666,2.0,327.56666666666666,1.0,0.1333333333333333,3.0,89.0,2.0,0.1666666666666666,1.0,497.23333333333335,4.0,59.14957166666667,1.0,19.866666666666664,2.0,1.0
49.86666666666667,2.0,42.33333333333334,2.0,0.1666666666666666,3.0,327.56666666666666,2.0,0.1333333333333333,5.0,89.0,1.0,0.1666666666666666,5.0,497.23333333333335,3.0,59.14957166666667,1.0,19.866666666666664,1.0,0.0
49.86666666666667,2.0,42.33333333333334,4.0,0.1666666666666666,2.0,327.56666666666666,4.0,0.1333333333333333,2.0,89.0,2.0,0.1666666666666666,2.0,497.23333333333335,2.0,59.14957166666667,5.0,19.866666666666664,2.0,0.0
49.86666666666667,4.0,42.33333333333334,1.0,0.1666666666666666,5.0,327.56666666666666,1.0,0.1333333333333333,1.0,89.0,3.0,0.1666666666666666,4.0,497.23333333333335,1.0,59.14957166666667,4.0,19.866666666666664,1.0,1.0
49.86666666666667,3.0,42.33333333333334,4.0,0.1666666666666666,2.0,327.56666666666666,4.0,0.1333333333333333,4.0,89.0,4.0,0.1666666666666666,2.0,497.23333333333335,4.0,59.14957166666667,4.0,19.866666666666664,2.0,0.0
49.86666666666667,5.0,42.33333333333334,4.0,0.1666666666666666,4.0,327.56666666666666,5.0,0.1333333333333333,2.0,89.0,4.0,0.1666666666666666,1.0,497.23333333333335,2.0,59.14957166666667,5.0,19.866666666666664,2.0,0.0
49.86666666666667,2.0,42.33333333333334,1.0,0.1666666666666666,3.0,327.56666666666666,3.0,0.1333333333333333,3.0,89.0,1.0,0.1666666666666666,2.0,497.23333333333335,1.0,59.14957166666667,2.0,19.866666666666664,5.0,0.0
49.86666666666667,1.0,72.00506777777778,3.0,0.1666666666666666,1.0,330.93333333333334,5.0,0.1333333333333333,1.0,89.0,5.0,0.1666666666666666,1.0,495.76666666666665,5.0,60.86346055555555,3.0,19.866666666666664,1.0,0.0
49.86666666666667,1.0,72.00506777777778,3.0,0.1666666666666666,5.0,330.93333333333334,2.0,0.1333333333333333,1.0,89.0,3.0,0.1666666666666666,2.0,495.76666666666665,5.0,60.86346055555555,5.0,19.866666666666664,4.0,0.0
49.86666666666667,4.0,72.00506777777778,3.0,0.1666666666666666,5.0,330.93333333333334,2.0,0.1333333333333333,1.0,89.0,4.0,0.1666666666666666,4.0,495.76666666666665,5.0,60.86346055555555,2.0,19.866666666666664,3.0,0.0
49.86666666666667,4.0,72.00506777777778,3.0,0.1666666666666666,4.0,330.93333333333334,3.0,0.1333333333333333,2.0,89.0,5.0,0.1666666666666666,3.0,495.76666666666665,4.0,60.86346055555555,3.0,19.866666666666664,2.0,0.0
49.86666666666667,5.0,72.00506777777778,3.0,0.1666666666666666,1.0,330.93333333333334,1.0,0.1333333333333333,5.0,89.0,3.0,0.1666666666666666,2.0,495.76666666666665,5.0,60.86346055555555,4.0,19.866666666666664,4.0,1.0
49.86666666666667,1.0,72.00506777777778,4.0,0.1666666666666666,1.0,330.93333333333334,4.0,0.1333333333333333,1.0,89.0,2.0,0.1666666666666666,4.0,495.76666666666665,4.0,60.86346055555555,4.0,19.866666666666664,4.0,0.0
49.86666666666667,2.0,72.00506777777778,1.0,0.1666666666666666,5.0,330.93333333333334,1.0,0.1333333333333333,3.0,89.0,3.0,0.1666666666666666,4.0,495.76666666666665,1.0,60.86346055555555,1.0,19.866666666666664,3.0,0.0
49.86666666666667,4.0,72.00506777777778,1.0,0.1666666666666666,5.0,330.93333333333334,3.0,0.1333333333333333,5.0,89.0,5.0,0.1666666666666666,1.0,495.76666666666665,3.0,60.86346055555555,3.0,19.866666666666664,3.0,0.0
49.86666666666667,3.0,72.00506777777778,1.0,0.1666666666666666,2.0,330.93333333333334,1.0,0.1333333333333333,5.0,89.0,4.0,0.1666666666666666,2.0,495.76666666666665,2.0,60.86346055555555,1.0,19.866666666666664,2.0,1.0
49.86666666666667,1.0,72.00506777777778,5.0,0.1666666666666666,3.0,330.93333333333334,1.0,0.1333333333333333,3.0,89.0,4.0,0.1666666666666666,2.0,495.76666666666665,2.0,60.86346055555555,4.0,19.866666666666664,3.0,0.0
49.86666666666667,2.0,72.00506777777778,1.0,0.1666666666666666,4.0,330.93333333333334,3.0,0.1333333333333333,2.0,89.0,4.0,0.1666666666666666,2.0,495.76666666666665,1.0,60.86346055555555,3.0,19.866666666666664,3.0,0.0
49.86666666666667,1.0,75.00229,3.0,0.0333333333333333,1.0,330.5,5.0,0.1333333333333333,1.0,88.13333333333333,5.0,0.1666666666666666,1.0,495.76666666666665,5.0,58.5716611509325,3.0,19.866666666666667,1.0,0.0
49.86666666666667,5.0,75.00229,2.0,0.0333333333333333,2.0,330.5,3.0,0.1333333333333333,1.0,88.13333333333333,1.0,0.1666666666666666,3.0,495.76666666666665,3.0,58.5716611509325,4.0,19.866666666666667,1.0,0.0
49.86666666666667,1.0,75.00229,2.0,0.0333333333333333,2.0,330.5,3.0,0.1333333333333333,3.0,88.13333333333333,3.0,0.1666666666666666,3.0,495.76666666666665,5.0,58.5716611509325,5.0,19.866666666666667,3.0,0.0
49.86666666666667,5.0,75.00229,2.0,0.0333333333333333,3.0,330.5,2.0,0.1333333333333333,1.0,88.13333333333333,1.0,0.1666666666666666,4.0,495.76666666666665,3.0,58.5716611509325,5.0,19.866666666666667,4.0,0.0
49.86666666666667,3.0,75.00229,3.0,0.0333333333333333,5.0,330.5,4.0,0.1333333333333333,1.0,88.13333333333333,1.0,0.1666666666666666,3.0,495.76666666666665,1.0,58.5716611509325,1.0,19.866666666666667,4.0,1.0
49.86666666666667,3.0,75.00229,1.0,0.0333333333333333,2.0,330.5,5.0,0.1333333333333333,4.0,88.13333333333333,5.0,0.1666666666666666,2.0,495.76666666666665,4.0,58.5716611509325,2.0,19.866666666666667,2.0,0.0
49.86666666666667,1.0,75.00229,2.0,0.0333333333333333,3.0,330.5,3.0,0.1333333333333333,2.0,88.13333333333333,2.0,0.1666666666666666,2.0,495.76666666666665,5.0,58.5716611509325,3.0,19.866666666666667,5.0,0.0
49.86666666666667,5.0,75.00229,1.0,0.0333333333333333,5.0,330.5,3.0,0.1333333333333333,4.0,88.13333333333333,2.0,0.1666666666666666,1.0,495.76666666666665,5.0,58.5716611509325,3.0,19.866666666666667,1.0,1.0
49.86666666666667,3.0,75.00229,4.0,0.0333333333333333,4.0,330.5,3.0,0.1333333333333333,2.0,88.13333333333333,5.0,0.1666666666666666,1.0,495.76666666666665,1.0,58.5716611509325,1.0,19.866666666666667,5.0,1.0
49.86666666666667,1.0,75.00229,1.0,0.0333333333333333,5.0,330.5,3.0,0.1333333333333333,1.0,88.13333333333333,2.0,0.1666666666666666,4.0,495.76666666666665,3.0,58.5716611509325,5.0,19.866666666666667,1.0,1.0
49.86666666666667,2.0,75.00229,4.0,0.0333333333333333,4.0,330.5,2.0,0.1333333333333333,4.0,88.13333333333333,4.0,0.1666666666666666,1.0,495.76666666666665,4.0,58.5716611509325,3.0,19.866666666666667,1.0,0.0
49.86666666666667,1.0,77.99951222222222,3.0,0.0333333333333333,1.0,334.0,5.0,0.1333333333333333,1.0,88.13333333333333,5.0,0.0333333333333333,1.0,495.76666666666665,5.0,60.28555003982139,3.0,19.866666666666667,1.0,0.0
49.86666666666667,4.0,77.99951222222222,2.0,0.0333333333333333,4.0,334.0,2.0,0.1333333333333333,3.0,88.13333333333333,1.0,0.0333333333333333,5.0,495.76666666666665,5.0,60.28555003982139,1.0,19.866666666666667,3.0,0.0
49.86666666666667,2.0,77.99951222222222,5.0,0.0333333333333333,2.0,334.0,2.0,0.1333333333333333,2.0,88.13333333333333,5.0,0.0333333333333333,3.0,495.76666666666665,4.0,60.28555003982139,5.0,19.866666666666667,5.0,0.0
49.86666666666667,5.0,77.99951222222222,5.0,0.0333333333333333,4.0,334.0,1.0,0.1333333333333333,1.0,88.13333333333333,4.0,0.0333333333333333,2.0,495.76666666666665,5.0,60.28555003982139,5.0,19.866666666666667,4.0,0.0
49.86666666666667,3.0,77.99951222222222,5.0,0.0333333333333333,5.0,334.0,2.0,0.1333333333333333,5.0,88.13333333333333,3.0,0.0333333333333333,5.0,495.76666666666665,3.0,60.28555003982139,4.0,19.866666666666667,1.0,0.0
49.86666666666667,5.0,77.99951222222222,1.0,0.0333333333333333,1.0,334.0,4.0,0.1333333333333333,3.0,88.13333333333333,5.0,0.0333333333333333,1.0,495.76666666666665,2.0,60.28555003982139,1.0,19.866666666666667,4.0,1.0
49.86666666666667,2.0,77.99951222222222,5.0,0.0333333333333333,1.0,334.0,5.0,0.1333333333333333,5.0,88.13333333333333,1.0,0.0333333333333333,1.0,495.76666666666665,4.0,60.28555003982139,1.0,19.866666666666667,3.0,0.0
49.86666666666667,2.0,77.99951222222222,4.0,0.0333333333333333,5.0,334.0,3.0,0.1333333333333333,4.0,88.13333333333333,4.0,0.0333333333333333,5.0,495.76666666666665,2.0,60.28555003982139,2.0,19.866666666666667,2.0,0.0
49.86666666666667,2.0,77.99951222222222,1.0,0.0333333333333333,4.0,334.0,3.0,0.1333333333333333,2.0,88.13333333333333,1.0,0.0333333333333333,5.0,495.76666666666665,5.0,60.28555003982139,4.0,19.866666666666667,3.0,0.0
49.86666666666667,1.0,77.99951222222222,2.0,0.0333333333333333,3.0,334.0,3.0,0.1333333333333333,1.0,88.13333333333333,5.0,0.0333333333333333,2.0,495.76666666666665,3.0,60.28555003982139,3.0,19.866666666666667,3.0,0.0
49.86666666666667,5.0,77.99951222222222,2.0,0.0333333333333333,2.0,334.0,3.0,0.1333333333333333,3.0,88.13333333333333,2.0,0.0333333333333333,3.0,495.76666666666665,1.0,60.28555003982139,3.0,19.866666666666667,4.0,0.0
49.86666666666667,1.0,72.00000000000001,3.0,0.0333333333333333,1.0,334.0,5.0,0.0666666666666666,1.0,88.13333333333333,5.0,0.0333333333333333,1.0,495.76666666666665,5.0,60.46097837315472,3.0,19.866666666666667,1.0,0.0
49.86666666666667,5.0,72.00000000000001,5.0,0.0333333333333333,1.0,334.0,5.0,0.0666666666666666,2.0,88.13333333333333,3.0,0.0333333333333333,3.0,495.76666666666665,2.0,60.46097837315472,5.0,19.866666666666667,4.0,0.0
49.86666666666667,3.0,72.00000000000001,4.0,0.0333333333333333,3.0,334.0,3.0,0.0666666666666666,4.0,88.13333333333333,4.0,0.0333333333333333,5.0,495.76666666666665,4.0,60.46097837315472,4.0,19.866666666666667,5.0,0.0
49.86666666666667,2.0,72.00000000000001,3.0,0.0333333333333333,4.0,334.0,2.0,0.0666666666666666,5.0,88.13333333333333,3.0,0.0333333333333333,2.0,495.76666666666665,2.0,60.46097837315472,3.0,19.866666666666667,5.0,0.0
49.86666666666667,5.0,72.00000000000001,3.0,0.0333333333333333,3.0,334.0,2.0,0.0666666666666666,1.0,88.13333333333333,4.0,0.0333333333333333,5.0,495.76666666666665,3.0,60.46097837315472,3.0,19.866666666666667,1.0,0.0
49.86666666666667,5.0,72.00000000000001,2.0,0.0333333333333333,4.0,334.0,3.0,0.0666666666666666,2.0,88.13333333333333,2.0,0.0333333333333333,2.0,495.76666666666665,3.0,60.46097837315472,1.0,19.866666666666667,4.0,0.0
49.86666666666667,2.0,72.00000000000001,1.0,0.0333333333333333,2.0,334.0,5.0,0.0666666666666666,2.0,88.13333333333333,4.0,0.0333333333333333,5.0,495.76666666666665,2.0,60.46097837315472,4.0,19.866666666666667,2.0,0.0
49.86666666666667,4.0,72.00000000000001,5.0,0.0333333333333333,2.0,334.0,2.0,0.0666666666666666,5.0,88.13333333333333,3.0,0.0333333333333333,3.0,495.76666666666665,4.0,60.46097837315472,1.0,19.866666666666667,5.0,0.0
49.86666666666667,3.0,72.00000000000001,4.0,0.0333333333333333,4.0,334.0,1.0,0.0666666666666666,1.0,88.13333333333333,5.0,0.0333333333333333,3.0,495.76666666666665,2.0,60.46097837315472,1.0,19.866666666666667,1.0,0.0
49.86666666666667,2.0,72.00000000000001,2.0,0.0333333333333333,3.0,334.0,1.0,0.0666666666666666,3.0,88.13333333333333,4.0,0.0333333333333333,5.0,495.76666666666665,2.0,60.46097837315472,1.0,19.866666666666667,1.0,0.0
49.86666666666667,1.0,72.00000000000001,4.0,0.0333333333333333,3.0,334.0,4.0,0.0666666666666666,3.0,88.13333333333333,1.0,0.0333333333333333,1.0,495.76666666666665,3.0,60.46097837315472,3.0,19.866666666666667,5.0,1.0
49.86666666666667,1.0,72.00000000000001,3.0,0.0333333333333333,1.0,334.0,5.0,0.0666666666666666,1.0,86.76105021157498,5.0,0.0333333333333333,1.0,493.1,5.0,59.62764503982139,3.0,19.866666666666667,1.0,0.0
49.86666666666667,2.0,72.00000000000001,2.0,0.0333333333333333,1.0,334.0,1.0,0.0666666666666666,1.0,86.76105021157498,3.0,0.0333333333333333,1.0,493.1,1.0,59.62764503982139,1.0,19.866666666666667,4.0,0.0
49.86666666666667,1.0,72.00000000000001,2.0,0.0333333333333333,3.0,334.0,4.0,0.0666666666666666,1.0,86.76105021157498,2.0,0.0333333333333333,3.0,493.1,1.0,59.62764503982139,2.0,19.866666666666667,4.0,0.0
49.86666666666667,3.0,72.00000000000001,5.0,0.0333333333333333,3.0,334.0,3.0,0.0666666666666666,5.0,86.76105021157498,1.0,0.0333333333333333,1.0,493.1,3.0,59.62764503982139,2.0,19.866666666666667,2.0,0.0
49.86666666666667,4.0,72.00000000000001,4.0,0.0333333333333333,1.0,334.0,2.0,0.0666666666666666,4.0,86.76105021157498,3.0,0.0333333333333333,4.0,493.1,4.0,59.62764503982139,3.0,19.866666666666667,4.0,1.0
49.86666666666667,5.0,72.00000000000001,1.0,0.0333333333333333,2.0,334.0,1.0,0.0666666666666666,2.0,86.76105021157498,2.0,0.0333333333333333,1.0,493.1,3.0,59.62764503982139,5.0,19.866666666666667,1.0,0.0
49.86666666666667,3.0,72.00000000000001,3.0,0.0333333333333333,2.0,334.0,1.0,0.0666666666666666,3.0,86.76105021157498,5.0,0.0333333333333333,3.0,493.1,3.0,59.62764503982139,4.0,19.866666666666667,2.0,0.0
49.86666666666667,5.0,72.00000000000001,2.0,0.0333333333333333,5.0,334.0,5.0,0.0666666666666666,2.0,86.76105021157498,3.0,0.0333333333333333,4.0,493.1,3.0,59.62764503982139,4.0,19.866666666666667,5.0,0.0
49.86666666666667,5.0,72.00000000000001,5.0,0.0333333333333333,5.0,334.0,2.0,0.0666666666666666,1.0,86.76105021157498,1.0,0.0333333333333333,2.0,493.1,4.0,59.62764503982139,3.0,19.866666666666667,3.0,0.0
49.86666666666667,2.0,72.00000000000001,4.0,0.0333333333333333,1.0,334.0,2.0,0.0666666666666666,1.0,86.76105021157498,2.0,0.0333333333333333,5.0,493.1,3.0,59.62764503982139,3.0,19.866666666666667,2.0,0.0
49.86666666666667,5.0,72.00000000000001,4.0,0.0333333333333333,4.0,334.0,3.0,0.0666666666666666,1.0,86.76105021157498,4.0,0.0333333333333333,5.0,493.1,3.0,59.62764503982139,1.0,19.866666666666667,4.0,0.0
49.86666666666667,1.0,72.00000000000001,3.0,0.0333333333333333,1.0,329.4,5.0,0.0666666666666666,1.0,86.69438354490832,5.0,0.0333333333333333,1.0,493.1,5.0,57.86097837315472,3.0,19.866666666666667,1.0,0.0
49.86666666666667,1.0,72.00000000000001,4.0,0.0333333333333333,2.0,329.4,4.0,0.0666666666666666,4.0,86.69438354490832,2.0,0.0333333333333333,1.0,493.1,3.0,57.86097837315472,3.0,19.866666666666667,5.0,0.0
49.86666666666667,5.0,72.00000000000001,4.0,0.0333333333333333,4.0,329.4,5.0,0.0666666666666666,4.0,86.69438354490832,5.0,0.0333333333333333,4.0,493.1,3.0,57.86097837315472,1.0,19.866666666666667,4.0,0.0
49.86666666666667,4.0,72.00000000000001,3.0,0.0333333333333333,3.0,329.4,1.0,0.0666666666666666,1.0,86.69438354490832,1.0,0.0333333333333333,5.0,493.1,4.0,57.86097837315472,2.0,19.866666666666667,3.0,0.0
49.86666666666667,3.0,72.00000000000001,2.0,0.0333333333333333,4.0,329.4,4.0,0.0666666666666666,1.0,86.69438354490832,3.0,0.0333333333333333,5.0,493.1,5.0,57.86097837315472,4.0,19.866666666666667,4.0,0.0
49.86666666666667,4.0,72.00000000000001,5.0,0.0333333333333333,5.0,329.4,2.0,0.0666666666666666,1.0,86.69438354490832,4.0,0.0333333333333333,3.0,493.1,1.0,57.86097837315472,2.0,19.866666666666667,5.0,0.0
49.86666666666667,4.0,72.00000000000001,4.0,0.0333333333333333,2.0,329.4,5.0,0.0666666666666666,3.0,86.69438354490832,1.0,0.0333333333333333,2.0,493.1,5.0,57.86097837315472,1.0,19.866666666666667,1.0,0.0
49.86666666666667,2.0,72.00000000000001,3.0,0.0333333333333333,1.0,329.4,2.0,0.0666666666666666,2.0,86.69438354490832,3.0,0.0333333333333333,4.0,493.1,5.0,57.86097837315472,1.0,19.866666666666667,2.0,0.0
49.86666666666667,3.0,72.00000000000001,5.0,0.0333333333333333,5.0,329.4,4.0,0.0666666666666666,1.0,86.69438354490832,1.0,0.0333333333333333,5.0,493.1,5.0,57.86097837315472,2.0,19.866666666666667,1.0,0.0
49.86666666666667,5.0,72.00000000000001,3.0,0.0333333333333333,4.0,329.4,4.0,0.0666666666666666,1.0,86.69438354490832,1.0,0.0333333333333333,4.0,493.1,1.0,57.86097837315472,2.0,19.866666666666667,4.0,1.0
49.86666666666667,1.0,72.00000000000001,3.0,0.0333333333333333,4.0,329.4,4.0,0.0666666666666666,5.0,86.69438354490832,4.0,0.0333333333333333,4.0,493.1,2.0,57.86097837315472,2.0,19.866666666666667,2.0,0.0
49.86666666666667,1.0,62.5,3.0,0.0333333333333333,1.0,310.06666666666666,5.0,0.0666666666666666,1.0,86.69438354490832,5.0,0.0333333333333333,1.0,402.3666666666667,5.0,57.86097837315472,3.0,19.866666666666667,1.0,0.0
49.86666666666667,2.0,62.5,3.0,0.0333333333333333,2.0,310.06666666666666,1.0,0.0666666666666666,5.0,86.69438354490832,2.0,0.0333333333333333,1.0,402.3666666666667,2.0,57.86097837315472,1.0,19.866666666666667,5.0,0.0
49.86666666666667,2.0,62.5,1.0,0.0333333333333333,1.0,310.06666666666666,3.0,0.0666666666666666,2.0,86.69438354490832,1.0,0.0333333333333333,2.0,402.3666666666667,2.0,57.86097837315472,3.0,19.866666666666667,5.0,0.0
49.86666666666667,4.0,62.5,1.0,0.0333333333333333,3.0,310.06666666666666,3.0,0.0666666666666666,3.0,86.69438354490832,1.0,0.0333333333333333,3.0,402.3666666666667,1.0,57.86097837315472,5.0,19.866666666666667,3.0,0.0
49.86666666666667,5.0,62.5,4.0,0.0333333333333333,2.0,310.06666666666666,5.0,0.0666666666666666,1.0,86.69438354490832,2.0,0.0333333333333333,1.0,402.3666666666667,5.0,57.86097837315472,4.0,19.866666666666667,3.0,0.0
49.86666666666667,1.0,62.5,5.0,0.0333333333333333,5.0,310.06666666666666,1.0,0.0666666666666666,1.0,86.69438354490832,3.0,0.0333333333333333,1.0,402.3666666666667,4.0,57.86097837315472,5.0,19.866666666666667,2.0,0.0
49.86666666666667,2.0,62.5,2.0,0.0333333333333333,1.0,310.06666666666666,5.0,0.0666666666666666,5.0,86.69438354490832,1.0,0.0333333333333333,5.0,402.3666666666667,1.0,57.86097837315472,1.0,19.866666666666667,2.0,0.0
49.86666666666667,4.0,62.5,1.0,0.0333333333333333,3.0,310.06666666666666,5.0,0.0666666666666666,4.0,86.69438354490832,2.0,0.0333333333333333,1.0,402.3666666666667,3.0,57.86097837315472,3.0,19.866666666666667,2.0,1.0
49.86666666666667,3.0,62.5,5.0,0.0333333333333333,3.0,310.06666666666666,3.0,0.0666666666666666,5.0,86.69438354490832,4.0,0.0333333333333333,4.0,402.3666666666667,3.0,57.86097837315472,4.0,19.866666666666667,3.0,0.0
49.86666666666667,4.0,62.5,5.0,0.0333333333333333,2.0,310.06666666666666,4.0,0.0666666666666666,1.0,86.69438354490832,3.0,0.0333333333333333,5.0,402.3666666666667,4.0,57.86097837315472,2.0,19.866666666666667,4.0,0.0
49.86666666666667,2.0,62.5,4.0,0.0333333333333333,1.0,310.06666666666666,3.0,0.0666666666666666,5.0,86.69438354490832,4.0,0.0333333333333333,3.0,402.3666666666667,5.0,57.86097837315472,1.0,19.866666666666667,5.0,0.0
27.966666666666665,1.0,62.5,3.0,0.1,1.0,283.2333333333333,5.0,0.0666666666666666,1.0,79.19438354490832,5.0,0.0333333333333333,1.0,402.3666666666667,5.0,50.23673435363943,3.0,12.3,1.0,0.0
27.966666666666665,5.0,62.5,4.0,0.1,4.0,283.2333333333333,4.0,0.0666666666666666,2.0,79.19438354490832,1.0,0.0333333333333333,2.0,402.3666666666667,3.0,50.23673435363943,4.0,12.3,2.0,1.0
27.966666666666665,1.0,62.5,5.0,0.1,5.0,283.2333333333333,5.0,0.0666666666666666,2.0,79.19438354490832,3.0,0.0333333333333333,4.0,402.3666666666667,2.0,50.23673435363943,4.0,12.3,4.0,0.0
27.966666666666665,2.0,62.5,5.0,0.1,5.0,283.2333333333333,5.0,0.0666666666666666,4.0,79.19438354490832,2.0,0.0333333333333333,4.0,402.3666666666667,2.0,50.23673435363943,5.0,12.3,2.0,1.0
27.966666666666665,1.0,62.5,2.0,0.1,3.0,283.2333333333333,1.0,0.0666666666666666,5.0,79.19438354490832,1.0,0.0333333333333333,5.0,402.3666666666667,2.0,50.23673435363943,2.0,12.3,1.0,0.0
27.966666666666665,1.0,62.5,1.0,0.1,4.0,283.2333333333333,5.0,0.0666666666666666,1.0,79.19438354490832,2.0,0.0333333333333333,3.0,402.3666666666667,1.0,50.23673435363943,2.0,12.3,1.0,0.0
27.966666666666665,3.0,62.5,2.0,0.1,3.0,283.2333333333333,3.0,0.0666666666666666,1.0,79.19438354490832,1.0,0.0333333333333333,1.0,402.3666666666667,5.0,50.23673435363943,4.0,12.3,1.0,0.0
27.966666666666665,1.0,62.5,5.0,0.1,5.0,283.2333333333333,2.0,0.0666666666666666,1.0,79.19438354490832,2.0,0.0333333333333333,3.0,402.3666666666667,5.0,50.23673435363943,2.0,12.3,2.0,1.0
27.966666666666665,1.0,62.5,3.0,0.1,4.0,283.2333333333333,1.0,0.0666666666666666,2.0,79.19438354490832,5.0,0.0333333333333333,5.0,402.3666666666667,4.0,50.23673435363943,3.0,12.3,3.0,0.0
27.966666666666665,2.0,62.5,4.0,0.1,4.0,283.2333333333333,4.0,0.0666666666666666,4.0,79.19438354490832,1.0,0.0333333333333333,4.0,402.3666666666667,5.0,50.23673435363943,4.0,12.3,3.0,0.0
27.966666666666665,3.0,62.5,2.0,0.1,3.0,283.2333333333333,1.0,0.0666666666666666,5.0,79.19438354490832,4.0,0.0333333333333333,2.0,402.3666666666667,4.0,50.23673435363943,1.0,12.3,2.0,1.0
27.966666666666665,1.0,62.5,3.0,0.1,1.0,200.4333333333333,5.0,0.0666666666666666,1.0,79.19438354490832,5.0,0.1,1.0,402.3666666666667,5.0,50.23673435363943,3.0,12.3,1.0,0.0
27.966666666666665,4.0,62.5,5.0,0.1,3.0,200.4333333333333,2.0,0.0666666666666666,4.0,79.19438354490832,2.0,0.1,4.0,402.3666666666667,4.0,50.23673435363943,1.0,12.3,1.0,1.0
27.966666666666665,2.0,62.5,1.0,0.1,5.0,200.4333333333333,5.0,0.0666666666666666,1.0,79.19438354490832,2.0,0.1,4.0,402.3666666666667,4.0,50.23673435363943,3.0,12.3,5.0,0.0
27.966666666666665,3.0,62.5,3.0,0.1,2.0,200.4333333333333,3.0,0.0666666666666666,5.0,79.19438354490832,2.0,0.1,1.0,402.3666666666667,3.0,50.23673435363943,4.0,12.3,5.0,0.0
27.966666666666665,2.0,62.5,3.0,0.1,3.0,200.4333333333333,2.0,0.0666666666666666,4.0,79.19438354490832,5.0,0.1,2.0,402.3666666666667,1.0,50.23673435363943,5.0,12.3,5.0,0.0
27.966666666666665,4.0,62.5,4.0,0.1,4.0,200.4333333333333,5.0,0.0666666666666666,5.0,79.19438354490832,3.0,0.1,1.0,402.3666666666667,1.0,50.23673435363943,5.0,12.3,5.0,0.0
27.966666666666665,2.0,62.5,2.0,0.1,4.0,200.4333333333333,3.0,0.0666666666666666,3.0,79.19438354490832,3.0,0.1,4.0,402.3666666666667,4.0,50.23673435363943,1.0,12.3,1.0,0.0
27.966666666666665,5.0,62.5,5.0,0.1,4.0,200.4333333333333,1.0,0.0666666666666666,1.0,79.19438354490832,3.0,0.1,3.0,402.3666666666667,4.0,50.23673435363943,1.0,12.3,5.0,0.0
27.966666666666665,1.0,62.5,5.0,0.1,3.0,200.4333333333333,2.0,0.0666666666666666,2.0,79.19438354490832,2.0,0.1,1.0,402.3666666666667,5.0,50.23673435363943,5.0,12.3,5.0,0.0
27.966666666666665,3.0,62.5,3.0,0.1,3.0,200.4333333333333,3.0,0.0666666666666666,4.0,79.19438354490832,1.0,0.1,1.0,402.3666666666667,5.0,50.23673435363943,5.0,12.3,5.0,0.0
27.966666666666665,1.0,62.5,2.0,0.1,4.0,200.4333333333333,2.0,0.0666666666666666,3.0,79.19438354490832,1.0,0.1,3.0,402.3666666666667,4.0,50.23673435363943,3.0,12.3,3.0,0.0
27.966666666666665,1.0,32.2,3.0,0.1,1.0,200.4333333333333,5.0,0.0666666666666666,1.0,64.62771687824166,5.0,0.1,1.0,402.3666666666667,5.0,50.23673435363943,3.0,12.3,1.0,0.0
27.966666666666665,2.0,32.2,4.0,0.1,3.0,200.4333333333333,5.0,0.0666666666666666,1.0,64.62771687824166,1.0,0.1,2.0,402.3666666666667,3.0,50.23673435363943,5.0,12.3,3.0,1.0
27.966666666666665,3.0,32.2,3.0,0.1,3.0,200.4333333333333,4.0,0.0666666666666666,3.0,64.62771687824166,1.0,0.1,1.0,402.3666666666667,1.0,50.23673435363943,4.0,12.3,5.0,0.0
27.966666666666665,1.0,32.2,4.0,0.1,1.0,200.4333333333333,4.0,0.0666666666666666,2.0,64.62771687824166,5.0,0.1,4.0,402.3666666666667,4.0,50.23673435363943,3.0,12.3,5.0,0.0
27.966666666666665,2.0,32.2,3.0,0.1,5.0,200.4333333333333,2.0,0.0666666666666666,1.0,64.62771687824166,2.0,0.1,2.0,402.3666666666667,3.0,50.23673435363943,1.0,12.3,1.0,0.0
27.966666666666665,1.0,32.2,2.0,0.1,2.0,200.4333333333333,1.0,0.0666666666666666,2.0,64.62771687824166,2.0,0.1,1.0,402.3666666666667,4.0,50.23673435363943,1.0,12.3,3.0,0.0
27.966666666666665,3.0,32.2,3.0,0.1,4.0,200.4333333333333,5.0,0.0666666666666666,2.0,64.62771687824166,4.0,0.1,3.0,402.3666666666667,1.0,50.23673435363943,4.0,12.3,5.0,1.0
27.966666666666665,5.0,32.2,3.0,0.1,2.0,200.4333333333333,4.0,0.0666666666666666,2.0,64.62771687824166,2.0,0.1,2.0,402.3666666666667,3.0,50.23673435363943,1.0,12.3,2.0,1.0
27.966666666666665,4.0,32.2,1.0,0.1,5.0,200.4333333333333,1.0,0.0666666666666666,2.0,64.62771687824166,1.0,0.1,2.0,402.3666666666667,4.0,50.23673435363943,1.0,12.3,3.0,0.0
27.966666666666665,1.0,32.2,4.0,0.1,1.0,200.4333333333333,1.0,0.0666666666666666,3.0,64.62771687824166,2.0,0.1,1.0,402.3666666666667,4.0,50.23673435363943,3.0,12.3,5.0,0.0
27.966666666666665,5.0,32.2,1.0,0.1,2.0,200.4333333333333,4.0,0.0666666666666666,2.0,64.62771687824166,5.0,0.1,2.0,402.3666666666667,3.0,50.23673435363943,5.0,12.3,2.0,1.0
27.966666666666665,1.0,32.2,3.0,0.1,1.0,200.4333333333333,5.0,0.0666666666666666,1.0,30.434012516534946,5.0,0.1,1.0,228.3,5.0,33.50340102030609,3.0,12.3,1.0,0.0
27.966666666666665,2.0,32.2,3.0,0.1,3.0,200.4333333333333,5.0,0.0666666666666666,5.0,30.434012516534946,4.0,0.1,4.0,228.3,2.0,33.50340102030609,5.0,12.3,4.0,0.0
27.966666666666665,2.0,32.2,3.0,0.1,3.0,200.4333333333333,5.0,0.0666666666666666,2.0,30.434012516534946,2.0,0.1,1.0,228.3,2.0,33.50340102030609,1.0,12.3,3.0,0.0
27.966666666666665,5.0,32.2,5.0,0.1,1.0,200.4333333333333,3.0,0.0666666666666666,3.0,30.434012516534946,2.0,0.1,5.0,228.3,2.0,33.50340102030609,1.0,12.3,3.0,0.0
27.966666666666665,3.0,32.2,4.0,0.1,2.0,200.4333333333333,2.0,0.0666666666666666,1.0,30.434012516534946,2.0,0.1,3.0,228.3,4.0,33.50340102030609,2.0,12.3,1.0,0.0
27.966666666666665,1.0,32.2,3.0,0.1,1.0,200.4333333333333,3.0,0.0666666666666666,4.0,30.434012516534946,4.0,0.1,4.0,228.3,4.0,33.50340102030609,2.0,12.3,5.0,0.0
27.966666666666665,4.0,32.2,2.0,0.1,1.0,200.4333333333333,4.0,0.0666666666666666,4.0,30.434012516534946,3.0,0.1,1.0,228.3,4.0,33.50340102030609,1.0,12.3,3.0,0.0
27.966666666666665,5.0,32.2,1.0,0.1,1.0,200.4333333333333,3.0,0.0666666666666666,5.0,30.434012516534946,1.0,0.1,3.0,228.3,3.0,33.50340102030609,2.0,12.3,4.0,0.0
27.966666666666665,5.0,32.2,2.0,0.1,1.0,200.4333333333333,5.0,0.0666666666666666,2.0,30.434012516534946,4.0,0.1,4.0,228.3,3.0,33.50340102030609,1.0,12.3,5.0,0.0
27.966666666666665,5.0,32.2,4.0,0.1,4.0,200.4333333333333,1.0,0.0666666666666666,4.0,30.434012516534946,2.0,0.1,1.0,228.3,2.0,33.50340102030609,1.0,12.3,1.0,0.0
27.966666666666665,2.0,32.2,1.0,0.1,4.0,200.4333333333333,4.0,0.0666666666666666,3.0,30.434012516534946,1.0,0.1,1.0,228.3,1.0,33.50340102030609,1.0,12.3,5.0,0.0
27.966666666666665,1.0,32.833333333333336,3.0,0.1,1.0,137.73333333333332,5.0,0.0666666666666666,1.0,23.26734584986828,5.0,0.1,1.0,228.3,5.0,14.636734353639424,3.0,12.3,1.0,0.0
27.966666666666665,5.0,32.833333333333336,5.0,0.1,2.0,137.73333333333332,3.0,0.0666666666666666,3.0,23.26734584986828,1.0,0.1,4.0,228.3,3.0,14.636734353639424,2.0,12.3,3.0,1.0
27.966666666666665,4.0,32.833333333333336,5.0,0.1,4.0,137.73333333333332,4.0,0.0666666666666666,1.0,23.26734584986828,4.0,0.1,4.0,228.3,3.0,14.636734353639424,3.0,12.3,4.0,0.0
27.966666666666665,4.0,32.833333333333336,5.0,0.1,2.0,137.73333333333332,3.0,0.0666666666666666,5.0,23.26734584986828,1.0,0.1,2.0,228.3,1.0,14.636734353639424,2.0,12.3,4.0,0.0
27.966666666666665,5.0,32.833333333333336,5.0,0.1,4.0,137.73333333333332,4.0,0.0666666666666666,3.0,23.26734584986828,5.0,0.1,1.0,228.3,4.0,14.636734353639424,1.0,12.3,2.0,0.0
27.966666666666665,4.0,32.833333333333336,1.0,0.1,4.0,137.73333333333332,2.0,0.0666666666666666,1.0,23.26734584986828,3.0,0.1,3.0,228.3,2.0,14.636734353639424,2.0,12.3,5.0,0.0
27.966666666666665,5.0,32.833333333333336,2.0,0.1,3.0,137.73333333333332,4.0,0.0666666666666666,3.0,23.26734584986828,3.0,0.1,2.0,228.3,1.0,14.636734353639424,1.0,12.3,2.0,0.0
27.966666666666665,1.0,32.833333333333336,2.0,0.1,3.0,137.73333333333332,2.0,0.0666666666666666,2.0,23.26734584986828,1.0,0.1,2.0,228.3,2.0,14.636734353639424,5.0,12.3,5.0,1.0
27.966666666666665,1.0,32.833333333333336,2.0,0.1,3.0,137.73333333333332,3.0,0.0666666666666666,2.0,23.26734584986828,2.0,0.1,2.0,228.3,3.0,14.636734353639424,4.0,12.3,1.0,0.0
27.966666666666665,4.0,32.833333333333336,3.0,0.1,3.0,137.73333333333332,4.0,0.0666666666666666,2.0,23.26734584986828,3.0,0.1,2.0,228.3,3.0,14.636734353639424,1.0,12.3,2.0,0.0
27.966666666666665,3.0,32.833333333333336,3.0,0.1,5.0,137.73333333333332,1.0,0.0666666666666666,5.0,23.26734584986828,2.0,0.1,4.0,228.3,4.0,14.636734353639424,5.0,12.3,1.0,1.0
27.966666666666665,1.0,6.966666666666666,3.0,0.1,1.0,90.93333333333334,5.0,0.0666666666666666,1.0,23.26734584986828,5.0,0.1,1.0,29.73333333333333,5.0,14.636734353639424,3.0,12.3,1.0,0.0
27.966666666666665,5.0,6.966666666666666,4.0,0.1,3.0,90.93333333333334,2.0,0.0666666666666666,1.0,23.26734584986828,5.0,0.1,4.0,29.73333333333333,5.0,14.636734353639424,4.0,12.3,5.0,0.0
27.966666666666665,4.0,6.966666666666666,2.0,0.1,4.0,90.93333333333334,4.0,0.0666666666666666,3.0,23.26734584986828,4.0,0.1,2.0,29.73333333333333,4.0,14.636734353639424,3.0,12.3,2.0,1.0
27.966666666666665,4.0,6.966666666666666,2.0,0.1,2.0,90.93333333333334,1.0,0.0666666666666666,1.0,23.26734584986828,1.0,0.1,5.0,29.73333333333333,5.0,14.636734353639424,3.0,12.3,1.0,0.0
27.966666666666665,3.0,6.966666666666666,5.0,0.1,3.0,90.93333333333334,2.0,0.0666666666666666,4.0,23.26734584986828,3.0,0.1,4.0,29.73333333333333,4.0,14.636734353639424,5.0,12.3,2.0,0.0
27.966666666666665,4.0,6.966666666666666,5.0,0.1,2.0,90.93333333333334,4.0,0.0666666666666666,5.0,23.26734584986828,5.0,0.1,5.0,29.73333333333333,5.0,14.636734353639424,4.0,12.3,2.0,0.0
27.966666666666665,2.0,6.966666666666666,4.0,0.1,3.0,90.93333333333334,4.0,0.0666666666666666,3.0,23.26734584986828,4.0,0.1,1.0,29.73333333333333,4.0,14.636734353639424,5.0,12.3,5.0,0.0
27.966666666666665,1.0,6.966666666666666,4.0,0.1,1.0,90.93333333333334,2.0,0.0666666666666666,4.0,23.26734584986828,3.0,0.1,4.0,29.73333333333333,4.0,14.636734353639424,1.0,12.3,4.0,0.0
27.966666666666665,3.0,6.966666666666666,3.0,0.1,3.0,90.93333333333334,2.0,0.0666666666666666,2.0,23.26734584986828,1.0,0.1,2.0,29.73333333333333,2.0,14.636734353639424,3.0,12.3,5.0,0.0
27.966666666666665,1.0,6.966666666666666,5.0,0.1,4.0,90.93333333333334,2.0,0.0666666666666666,3.0,23.26734584986828,4.0,0.1,5.0,29.73333333333333,3.0,14.636734353639424,2.0,12.3,4.0,0.0
27.966666666666665,1.0,6.966666666666666,4.0,0.1,1.0,90.93333333333334,5.0,0.0666666666666666,5.0,23.26734584986828,3.0,0.1,4.0,29.73333333333333,1.0,14.636734353639424,5.0,12.3,2.0,0.0
1.5666666666666669,1.0,6.966666666666666,3.0,0.0666666666666666,1.0,53.9,5.0,0.0666666666666666,1.0,11.167345849868276,5.0,0.1,1.0,29.73333333333333,5.0,3.933333333333333,3.0,0.6333333333333333,1.0,0.0
1.5666666666666669,5.0,6.966666666666666,3.0,0.0666666666666666,3.0,53.9,3.0,0.0666666666666666,2.0,11.167345849868276,3.0,0.1,5.0,29.73333333333333,2.0,3.933333333333333,4.0,0.6333333333333333,4.0,0.0
1.5666666666666669,5.0,6.966666666666666,4.0,0.0666666666666666,5.0,53.9,4.0,0.0666666666666666,5.0,11.167345849868276,5.0,0.1,5.0,29.73333333333333,3.0,3.933333333333333,4.0,0.6333333333333333,5.0,1.0
1.5666666666666669,5.0,6.966666666666666,4.0,0.0666666666666666,3.0,53.9,4.0,0.0666666666666666,1.0,11.167345849868276,3.0,0.1,2.0,29.73333333333333,2.0,3.933333333333333,5.0,0.6333333333333333,3.0,0.0
1.5666666666666669,2.0,6.966666666666666,5.0,0.0666666666666666,2.0,53.9,2.0,0.0666666666666666,2.0,11.167345849868276,1.0,0.1,4.0,29.73333333333333,3.0,3.933333333333333,3.0,0.6333333333333333,2.0,1.0
1.5666666666666669,5.0,6.966666666666666,3.0,0.0666666666666666,2.0,53.9,3.0,0.0666666666666666,5.0,11.167345849868276,1.0,0.1,3.0,29.73333333333333,3.0,3.933333333333333,5.0,0.6333333333333333,3.0,0.0
1.5666666666666669,5.0,6.966666666666666,2.0,0.0666666666666666,4.0,53.9,2.0,0.0666666666666666,5.0,11.167345849868276,5.0,0.1,2.0,29.73333333333333,3.0,3.933333333333333,5.0,0.6333333333333333,1.0,0.0
1.5666666666666669,5.0,6.966666666666666,1.0,0.0666666666666666,4.0,53.9,4.0,0.0666666666666666,1.0,11.167345849868276,4.0,0.1,4.0,29.73333333333333,5.0,3.933333333333333,1.0,0.6333333333333333,5.0,0.0
1.5666666666666669,2.0,6.966666666666666,4.0,0.0666666666666666,5.0,53.9,2.0,0.0666666666666666,5.0,11.167345849868276,4.0,0.1,1.0,29.73333333333333,3.0,3.933333333333333,5.0,0.6333333333333333,1.0,1.0
1.5666666666666669,3.0,6.966666666666666,1.0,0.0666666666666666,5.0,53.9,1.0,0.0666666666666666,1.0,11.167345849868276,2.0,0.1,4.0,29.73333333333333,5.0,3.933333333333333,2.0,0.6333333333333333,3.0,0.0
1.5666666666666669,1.0,6.966666666666666,5.0,0.0666666666666666,5.0,53.9,4.0,0.0666666666666666,3.0,11.167345849868276,2.0,0.1,5.0,29.73333333333333,5.0,3.933333333333333,3.0,0.6333333333333333,4.0,0.0
1.5666666666666669,1.0,6.966666666666666,3.0,0.0666666666666666,1.0,7.566666666666666,5.0,0.0666666666666666,1.0,11.167345849868276,5.0,0.0666666666666666,1.0,29.73333333333333,5.0,3.933333333333333,3.0,0.6333333333333333,1.0,0.0
1.5666666666666669,1.0,6.966666666666666,5.0,0.0666666666666666,3.0,7.566666666666666,3.0,0.0666666666666666,1.0,11.167345849868276,3.0,0.0666666666666666,1.0,29.73333333333333,5.0,3.933333333333333,4.0,0.6333333333333333,3.0,0.0
1.5666666666666669,1.0,6.966666666666666,1.0,0.0666666666666666,2.0,7.566666666666666,1.0,0.0666666666666666,3.0,11.167345849868276,3.0,0.0666666666666666,3.0,29.73333333333333,1.0,3.933333333333333,5.0,0.6333333333333333,5.0,1.0
1.5666666666666669,2.0,6.966666666666666,4.0,0.0666666666666666,4.0,7.566666666666666,2.0,0.0666666666666666,5.0,11.167345849868276,5.0,0.0666666666666666,3.0,29.73333333333333,2.0,3.933333333333333,3.0,0.6333333333333333,1.0,1.0
1.5666666666666669,1.0,6.966666666666666,3.0,0.0666666666666666,3.0,7.566666666666666,5.0,0.0666666666666666,3.0,11.167345849868276,5.0,0.0666666666666666,5.0,29.73333333333333,2.0,3.933333333333333,5.0,0.6333333333333333,3.0,1.0
1.5666666666666669,2.0,6.966666666666666,3.0,0.0666666666666666,2.0,7.566666666666666,3.0,0.0666666666666666,1.0,11.167345849868276,2.0,0.0666666666666666,4.0,29.73333333333333,4.0,3.933333333333333,5.0,0.6333333333333333,5.0,1.0
1.5666666666666669,4.0,6.966666666666666,2.0,0.0666666666666666,2.0,7.566666666666666,2.0,0.0666666666666666,3.0,11.167345849868276,1.0,0.0666666666666666,3.0,29.73333333333333,1.0,3.933333333333333,3.0,0.6333333333333333,4.0,1.0
1.5666666666666669,5.0,6.966666666666666,4.0,0.0666666666666666,2.0,7.566666666666666,5.0,0.0666666666666666,2.0,11.167345849868276,5.0,0.0666666666666666,1.0,29.73333333333333,4.0,3.933333333333333,1.0,0.6333333333333333,1.0,1.0
1.5666666666666669,3.0,6.966666666666666,2.0,0.0666666666666666,1.0,7.566666666666666,5.0,0.0666666666666666,5.0,11.167345849868276,5.0,0.0666666666666666,1.0,29.73333333333333,2.0,3.933333333333333,2.0,0.6333333333333333,2.0,0.0
1.5666666666666669,3.0,6.966666666666666,2.0,0.0666666666666666,5.0,7.566666666666666,5.0,0.0666666666666666,2.0,11.167345849868276,2.0,0.0666666666666666,3.0,29.73333333333333,2.0,3.933333333333333,5.0,0.6333333333333333,3.0,1.0
1.5666666666666669,1.0,6.966666666666666,2.0,0.0666666666666666,2.0,7.566666666666666,5.0,0.0666666666666666,5.0,11.167345849868276,1.0,0.0666666666666666,5.0,29.73333333333333,3.0,3.933333333333333,2.0,0.6333333333333333,3.0,1.0
1.5666666666666669,1.0,2.0,3.0,0.0666666666666666,1.0,7.566666666666666,5.0,0.0666666666666666,1.0,3.9006791832016097,5.0,0.0666666666666666,1.0,29.73333333333333,5.0,3.933333333333333,3.0,0.6333333333333333,1.0,0.0
1.5666666666666669,5.0,2.0,1.0,0.0666666666666666,1.0,7.566666666666666,2.0,0.0666666666666666,1.0,3.9006791832016097,1.0,0.0666666666666666,2.0,29.73333333333333,2.0,3.933333333333333,1.0,0.6333333333333333,5.0,0.0
1.5666666666666669,3.0,2.0,5.0,0.0666666666666666,2.0,7.566666666666666,3.0,0.0666666666666666,1.0,3.9006791832016097,4.0,0.0666666666666666,1.0,29.73333333333333,4.0,3.933333333333333,4.0,0.6333333333333333,2.0,0.0
1.5666666666666669,2.0,2.0,3.0,0.0666666666666666,2.0,7.566666666666666,4.0,0.0666666666666666,2.0,3.9006791832016097,3.0,0.0666666666666666,5.0,29.73333333333333,2.0,3.933333333333333,3.0,0.6333333333333333,5.0,1.0
1.5666666666666669,2.0,2.0,5.0,0.0666666666666666,4.0,7.566666666666666,5.0,0.0666666666666666,2.0,3.9006791832016097,5.0,0.0666666666666666,2.0,29.73333333333333,4.0,3.933333333333333,5.0,0.6333333333333333,2.0,0.0
1.5666666666666669,4.0,2.0,4.0,0.0666666666666666,1.0,7.566666666666666,4.0,0.0666666666666666,2.0,3.9006791832016097,2.0,0.0666666666666666,1.0,29.73333333333333,1.0,3.933333333333333,5.0,0.6333333333333333,2.0,0.0
1.5666666666666669,4.0,2.0,3.0,0.0666666666666666,3.0,7.566666666666666,5.0,0.0666666666666666,3.0,3.9006791832016097,4.0,0.0666666666666666,5.0,29.73333333333333,4.0,3.933333333333333,1.0,0.6333333333333333,2.0,0.0
1.5666666666666669,2.0,2.0,2.0,0.0666666666666666,1.0,7.566666666666666,2.0,0.0666666666666666,4.0,3.9006791832016097,1.0,0.0666666666666666,5.0,29.73333333333333,2.0,3.933333333333333,5.0,0.6333333333333333,2.0,0.0
1.5666666666666669,5.0,2.0,1.0,0.0666666666666666,4.0,7.566666666666666,2.0,0.0666666666666666,2.0,3.9006791832016097,1.0,0.0666666666666666,5.0,29.73333333333333,4.0,3.933333333333333,5.0,0.6333333333333333,3.0,0.0
1.5666666666666669,3.0,2.0,1.0,0.0666666666666666,5.0,7.566666666666666,5.0,0.0666666666666666,3.0,3.9006791832016097,3.0,0.0666666666666666,4.0,29.73333333333333,4.0,3.933333333333333,1.0,0.6333333333333333,3.0,0.0
1.5666666666666669,3.0,2.0,5.0,0.0666666666666666,3.0,7.566666666666666,2.0,0.0666666666666666,3.0,3.9006791832016097,4.0,0.0666666666666666,5.0,29.73333333333333,2.0,3.933333333333333,2.0,0.6333333333333333,4.0,0.0
